col_1,col_2,col_3,col_4,col_5,col_6,col_7,col_8,col_9,col_10,col_11,col_12,col_13,col_14
6,6,0,0,4028,167,0,0,6,0,1,1,1,0
345,345,0,0,59,1134,0,0,345,0,1,1,1,0
5,5,0,0,48,1126,0,0,5,0,1,1,1,0
4,4,0,0,45,1124,0,0,4,0,1,1,1,0
2,2,0,0,960,1139,0,0,2,0,1,1,1,0
2,2,0,0,58,162,0,0,2,0,1,1,1,0
29,29,0,0,45,1124,0,0,29,0,1,1,1,0
12,12,0,0,34,1429,0,0,12,0,1,1,1,0
3,3,0,0,19,1519,0,0,3,0,1,1,1,0
49,49,0,0,3949,4129,0,0,49,0,1,1,1,0
10,10,0,0,1239,1418,0,0,10,0,1,1,1,0
21,21,0,0,49,228,0,0,21,0,1,1,1,0
7,7,0,0,743,110,0,0,7,0,1,1,1,0
34,34,0,0,450,83,0,1,34,0,1,1,1,0
5,5,0,0,15,133,0,1,5,0,1,1,1,0
53,53,0,0,18,188,0,0,106,0,1,1,1,0
3,3,0,0,57,237,0,0,3,0,1,1,1,0
19,19,0,0,42,1505,0,1,19,0,1,1,1,0
5,5,0,0,12,168,0,1,5,0,1,1,1,0
3,3,0,1,929,1108,0,1,3,0,1,1,1,1
39,29,0,1,43,223,0,1,29,0,1,1,1,1
5,4,0,0,36,214,0,1,4,0,1,1,1,0
14,10,0,0,3086,228,0,1,10,0,1,1,1,0
3,3,0,0,4199,5669,0,1,3,0,1,1,1,0
10,10,0,0,40,218,0,1,10,0,1,1,1,0
14,10,0,0,112,248,0,1,10,0,1,1,1,0
6,6,0,0,19,1160,0,1,6,0,1,1,1,0
4,4,0,0,55,233,0,1,4,0,1,1,1,0
10,10,0,0,57,195,0,1,10,0,1,1,1,0
8,8,0,0,42,220,0,1,8,0,1,1,1,0
13,6,0,0,40,202,0,1,6,0,1,1,1,0
3,3,0,0,17,196,0,1,3,0,1,1,1,0
14,14,0,0,22,201,0,1,14,0,1,1,1,0
49,49,0,0,3837,4014,0,0,49,0,1,1,1,0
7,5,0,0,50,228,0,1,5,0,1,1,1,1
16,16,0,0,57,236,0,1,16,0,1,1,1,1
4,4,0,0,18,197,0,1,4,0,1,1,1,1
5,5,0,0,35,214,0,1,5,0,1,1,1,0
4,3,0,0,31,4359,0,1,3,0,1,1,1,1
10,10,0,0,37,1116,0,1,10,0,1,1,1,1
129,99,0,0,37,214,0,1,99,0,1,1,1,1
5,5,0,0,39,1118,0,1,5,0,1,1,1,1
4,4,0,0,13,1090,0,1,4,0,1,1,1,0
7,5,0,0,32,88,0,1,5,0,1,1,1,0
4,4,0,0,57,236,0,0,4,0,1,1,1,0
5,5,0,0,1102,56,0,0,5,0,1,1,1,0
35,28,0,0,938,259,0,0,28,0,1,1,1,0
11,11,0,0,38,215,0,0,11,0,1,1,1,0
39,39,0,0,39,218,0,0,39,0,1,1,1,0
5,5,0,0,51,229,0,1,5,0,1,1,1,0
4,4,0,0,41,1120,0,1,4,0,1,1,1,1
4,4,0,0,877,1053,0,0,4,0,1,1,1,0
7,7,0,0,2580,2758,0,0,7,0,1,1,1,0
7,7,0,0,123,294,0,1,7,0,1,1,1,0
3,3,0,0,25,1458,0,1,3,0,1,1,1,1
15,7,0,0,59,1257,0,1,7,0,1,1,1,1
4,4,0,0,53,232,0,0,4,0,1,1,1,0
135,135,0,0,958,1130,0,0,135,0,1,1,1,0
70,42,0,0,48,204,0,0,42,0,1,1,1,0
6,6,0,0,34,214,0,0,6,0,1,1,1,0
6,6,0,0,70,249,0,0,6,0,1,1,1,0
5,3,0,0,2197,106,0,0,3,0,1,1,1,0
46,46,0,0,109,287,0,0,46,0,1,1,1,0
4,4,0,0,55,1133,0,1,4,0,1,1,0,0
31,31,0,0,24,1456,0,1,31,0,1,1,0,0
8,8,0,0,35,1232,0,1,8,0,1,1,0,0
49,49,0,0,58,4120,0,0,49,0,1,1,1,0
10,10,0,0,5,182,0,1,10,0,1,1,0,0
5,5,0,0,36,215,0,1,5,0,1,1,0,0
2,2,0,0,59,1258,0,1,2,0,1,1,0,0
9,6,0,0,15,1215,0,1,6,0,1,1,0,0
14,8,0,0,57,235,0,0,8,0,1,1,1,0
7,7,0,0,82,1576,0,1,7,0,1,1,0,0
4,4,0,0,35,213,0,1,4,0,1,1,0,0
14,14,0,0,81,1575,0,1,14,0,1,1,0,0
3,3,0,0,51,230,0,1,3,0,1,1,0,0
5,5,0,0,101,280,0,1,5,0,1,1,0,0
34,34,0,0,38,1117,0,1,34,0,1,1,0,0
8,5,0,0,232,129,0,0,5,0,1,1,1,0
106,106,0,0,27,1105,0,1,106,0,1,1,0,0
4,4,0,0,21,1070,0,1,4,0,1,1,0,0
10,8,0,0,33,1201,0,1,8,0,1,1,0,0
10,10,0,0,1018,47,0,0,10,0,1,1,1,0
4,4,0,0,45,2561,0,0,4,0,1,1,1,0
6,6,0,0,2839,3018,0,0,6,0,1,1,1,0
10,8,0,0,21,1220,0,0,8,0,1,1,1,0
12,12,0,0,19,1148,0,0,12,0,1,1,1,0
4,4,0,0,48,192,0,0,4,0,1,1,1,0
4,4,0,0,16,194,0,0,4,0,1,1,1,0
7,7,0,0,904,261,0,0,7,0,1,1,1,0
14,14,0,0,9,180,0,1,14,0,1,1,0,0
6,6,0,0,118,298,0,1,6,0,1,1,1,0
8,8,0,0,4375,4553,0,1,8,0,0,1,1,0
15,15,0,0,16,195,0,1,15,0,1,1,1,0
3,1,0,0,34,993,0,1,1,0,1,1,1,0
3,3,0,0,52,1251,0,1,3,0,0,1,1,0
2,2,0,0,1279,1458,0,1,2,0,0,1,1,0
29,29,0,0,24,204,0,1,29,0,0,1,1,0
11,11,0,0,49,4219,0,1,11,0,1,1,1,0
21,12,0,0,56,235,0,1,12,0,1,1,1,0
39,25,0,0,2909,3088,0,1,25,0,0,1,1,0
4,3,0,0,2917,3096,0,1,3,0,0,1,1,0
2,2,0,0,1710,24,0,1,2,0,0,1,1,0
60,30,0,0,31,203,0,1,30,0,0,1,1,0
8,6,0,0,1271,1451,0,1,6,0,1,1,1,0
20,20,0,0,38,218,0,1,20,0,1,1,1,0
6,6,0,0,53,232,0,1,6,0,0,1,1,0
4,2,0,0,32,212,0,1,2,0,0,1,1,0
29,29,0,0,56,235,0,1,29,0,0,1,1,0
14,12,0,0,49,1009,0,1,12,0,1,1,1,0
4,4,0,0,21,194,0,1,4,0,1,1,1,0
15,15,0,0,69,247,0,1,15,0,1,1,1,0
42,42,0,0,49,228,0,1,42,0,1,1,1,0
439,439,1,0,58,1137,0,1,439,0,1,1,1,0
17,17,0,0,947,1126,0,1,17,0,1,1,1,0
31,31,0,0,603,53,0,1,31,0,0,1,1,0
11,11,0,0,610,789,0,1,11,0,0,1,1,0
295,295,0,0,54,1101,0,1,295,0,1,1,1,0
28,28,0,0,38,1175,0,1,28,0,1,1,1,0
20,20,0,0,22,199,0,1,20,0,1,1,1,0
14,14,0,0,44,223,0,1,14,0,1,1,1,0
86,86,0,0,56,236,0,1,86,0,1,1,1,0
285,285,1,0,59,230,0,1,285,0,1,1,1,0
330,330,0,0,44,222,0,1,330,0,1,1,1,0
3,3,0,0,42,221,0,1,3,0,1,1,1,0
20,20,0,0,13,192,0,1,20,0,1,1,0,0
12,12,0,0,14,154,0,1,12,0,1,1,1,0
99,79,0,0,13,973,0,1,79,0,1,1,1,0
12,12,0,0,48,226,0,1,12,0,1,1,1,0
210,210,0,0,84,263,0,1,210,0,1,1,1,0
50,50,0,0,8,188,0,1,50,0,1,1,1,0
27,18,0,0,28,208,0,1,18,0,1,1,1,0
230,230,0,0,19,173,0,1,230,0,1,1,1,0
639,639,1,0,43,222,1,0,639,0,1,1,1,0
10,10,0,0,16,170,0,1,10,0,0,1,1,0
10,10,0,0,50,230,0,1,10,0,1,1,1,0
200,200,0,0,26,128,0,1,200,0,1,1,1,0
9,9,0,0,1407,393,0,1,9,0,0,1,1,0
4,4,0,0,29,208,0,1,4,0,1,1,1,0
4,4,0,0,50,230,0,1,4,0,1,1,0,0
677,677,0,0,896,127,0,1,677,0,1,1,1,0
3,3,0,0,29,989,0,1,3,0,1,1,1,0
3,3,0,0,39,219,0,1,3,0,1,1,1,0
4,4,0,0,41,221,0,1,4,0,1,1,1,0
47,47,0,0,23,202,0,1,47,0,1,1,1,0
20,20,0,0,25,161,0,1,20,0,1,1,1,0
7,7,0,0,25,204,0,1,7,0,1,1,1,0
4,4,0,0,12,972,0,1,4,0,1,1,1,0
70,70,0,0,53,162,0,1,70,0,1,1,1,0
8,8,0,0,31,211,0,1,8,0,0,1,1,0
14,11,0,0,14,194,0,1,11,0,1,1,1,0
30,30,0,0,937,1114,0,1,30,0,0,1,1,0
4,1,0,0,4,108,0,1,1,0,1,1,1,0
2,2,0,0,40,1000,0,0,2,0,1,1,1,0
38,30,0,0,18,198,0,1,30,0,1,1,1,0
6,6,0,0,6,185,0,1,6,0,1,1,1,0
11,10,0,0,54,1133,0,1,10,0,0,1,1,0
4,1,0,0,20,199,0,1,1,0,1,1,1,0
10,3,0,0,147,322,0,1,3,0,1,1,1,0
20,20,0,0,58,228,0,1,20,0,0,1,1,0
3,3,0,0,26,206,0,1,3,0,1,1,1,0
100,100,0,0,892,1070,0,1,100,0,0,1,1,0
109,109,0,0,954,193,0,1,109,0,1,1,1,0
17,17,0,0,50,180,0,1,17,0,1,1,1,0
6,5,0,0,18,194,0,1,5,0,0,1,1,0
15,10,0,0,47,223,0,1,10,0,1,1,1,0
9,9,0,0,58,237,0,1,9,0,1,1,1,0
10,10,0,0,4,184,0,1,10,0,1,1,1,0
4,4,0,0,835,1011,0,1,4,0,1,1,1,0
230,230,0,0,17,111,0,1,230,0,0,1,1,0
38,25,0,0,6,185,0,1,25,0,1,1,1,0
15,15,0,0,78,257,0,1,15,0,1,1,1,0
1699,1699,0,0,52,227,0,1,1699,0,1,1,1,0
19,19,0,0,8,187,0,1,19,0,1,1,1,0
49,46,0,0,7,187,0,1,46,0,0,1,1,0
6,6,0,0,9,155,0,1,6,0,0,1,1,0
11,10,0,0,7,187,0,1,10,0,1,1,1,0
4,4,0,0,59,233,0,1,4,0,1,1,1,0
14,9,0,0,42,222,0,1,9,0,1,1,1,0
4,3,0,0,18,197,0,1,3,0,0,1,1,0
5,2,0,0,21,201,0,1,2,0,0,1,1,0
15,15,0,0,999,1062,0,1,15,0,1,1,1,0
20,20,0,0,50,2679,0,1,20,0,1,1,1,0
10,10,0,0,7,186,0,1,10,0,1,1,1,0
50,36,0,0,22,982,0,1,36,0,1,1,1,0
13,11,0,0,87,266,0,1,11,0,0,1,1,0
61,61,0,1,27,128,0,1,61,0,1,1,1,1
3,2,0,0,41,221,0,1,2,0,1,1,1,0
1,1,0,0,57,236,0,1,1,0,1,1,1,0
6,6,0,0,55,235,0,1,6,0,0,1,1,0
1,1,0,0,51,230,0,1,1,0,1,1,1,0
1,1,0,0,54,233,0,0,1,0,1,1,1,0
5,5,0,0,93,272,0,1,5,0,1,1,1,0
4,4,0,0,41,103,0,1,4,0,1,1,1,0
12,12,0,0,13,119,0,1,12,0,1,1,1,0
12,6,0,0,56,236,0,1,6,0,1,1,1,0
8,8,0,0,131,122,0,1,8,0,1,1,1,0
26,13,0,0,1,176,0,1,13,0,0,1,1,0
175,175,0,0,57,234,0,1,175,0,0,1,1,0
125,125,0,0,56,235,0,1,125,0,1,1,1,0
5,5,0,0,41,215,0,1,5,0,1,1,1,0
99,99,0,0,55,234,0,1,99,0,1,1,1,0
12,12,0,0,57,235,0,1,12,0,0,1,1,0
4,3,0,1,22,42,0,1,3,0,1,1,1,1
13,5,0,0,38,217,0,1,5,0,1,1,1,0
13,7,0,0,53,233,0,1,7,0,1,1,1,0
1,1,0,0,59,1258,0,1,1,0,1,1,1,0
474,474,0,0,44,222,0,1,474,0,0,1,1,0
15,15,0,0,162,334,0,1,15,0,1,1,1,0
8,7,0,0,32,992,0,1,7,0,1,1,1,0
4,4,0,0,52,231,0,1,4,0,1,1,1,0
2,2,0,0,9,188,0,1,2,0,0,1,1,0
8,8,0,0,16,196,0,1,8,0,1,1,1,0
12,12,0,0,7,187,0,1,12,0,1,1,1,0
11,11,0,0,61,240,0,1,11,0,1,1,1,0
13,7,0,0,47,226,0,1,7,0,1,1,1,0
5,4,0,0,45,224,0,1,4,0,1,1,1,0
35,35,0,0,39,172,0,1,35,0,1,1,1,0
8,8,0,0,4,184,0,1,8,0,1,1,1,0
9,9,0,0,41,219,0,1,9,0,1,1,1,0
42,21,0,0,62,241,0,1,21,0,1,1,1,0
120,120,1,0,37,94,0,1,120,0,0,1,1,0
16,16,0,0,38,218,0,1,16,0,0,1,1,0
5,4,0,0,10,190,0,1,4,0,1,1,1,0
6,6,0,0,53,1012,0,1,6,0,1,1,1,0
3,3,0,0,37,216,0,1,3,0,0,1,1,0
37,37,0,0,33,209,0,1,37,0,1,1,1,0
19,19,0,0,8,185,0,1,19,0,1,1,1,0
3,3,0,0,51,1010,0,1,3,0,1,1,1,0
20,20,0,0,231,153,0,1,20,0,0,1,1,0
50,45,0,0,21,36,0,1,45,0,1,1,1,0
12,10,0,0,26,205,0,1,10,0,1,1,0,0
1,1,0,0,6,185,0,1,1,0,1,1,1,0
35,35,0,0,80,259,0,1,35,0,0,1,1,0
669,669,1,0,44,1123,1,1,669,0,1,1,1,0
84,84,0,0,7,45,0,1,84,0,1,1,1,0
5,3,0,0,1,181,0,1,4,0,0,1,1,0
3,2,0,0,53,134,0,1,2,0,0,1,1,0
30,21,0,0,47,226,0,1,21,0,1,1,1,0
23,16,0,0,64,57,0,1,16,0,1,1,1,0
15,15,0,0,46,225,0,1,15,0,1,1,1,0
130,130,0,0,904,1083,0,1,130,0,1,1,1,0
32,17,0,0,9,189,0,1,17,0,1,1,1,0
12,7,0,0,49,192,0,1,7,0,1,1,1,0
10,5,0,0,58,237,0,1,5,0,0,1,1,0
30,12,0,0,97,239,0,1,12,0,0,1,1,0
2,2,0,0,978,1157,0,1,2,0,1,1,0,0
198,198,0,0,59,237,0,1,198,0,1,1,1,0
10,10,0,0,23,203,0,1,10,0,1,1,1,0
345,345,0,0,57,178,0,1,345,0,1,1,1,0
11,11,0,0,57,236,0,1,11,0,0,1,1,0
11,11,0,0,44,1182,0,1,11,0,0,1,1,0
40,40,0,0,58,237,0,1,40,0,1,1,1,0
3,3,0,0,19,198,0,1,3,0,1,1,1,0
32,32,0,0,51,230,0,1,32,0,1,1,1,0
75,75,0,0,20,200,0,1,75,0,1,1,1,0
20,20,0,0,28,207,0,1,20,0,1,1,1,0
11,11,0,0,30,210,0,1,11,0,0,1,1,0
41,19,0,0,803,971,0,1,19,0,1,1,1,0
41,23,0,0,33,213,0,1,23,0,1,1,1,0
11,11,0,0,24,204,0,1,11,0,1,1,1,0
10,10,0,0,31,210,0,1,10,0,1,1,1,0
29,29,0,0,772,119,0,1,29,0,0,1,1,0
5,5,0,0,54,233,0,1,5,0,0,1,1,0
10,10,0,0,576,722,0,1,10,0,0,1,1,0
7,5,0,0,53,233,0,1,5,0,0,1,1,0
22,22,0,0,1127,1083,0,1,22,0,0,1,1,0
50,50,0,0,41,160,0,1,50,0,0,1,1,0
50,50,0,0,38,1118,0,1,50,0,1,1,1,0
10,10,0,0,689,867,0,1,10,0,0,1,1,0
30,15,0,0,18,198,0,1,15,0,0,1,1,0
15,15,0,0,39,218,0,1,15,0,1,1,1,0
33,20,0,0,17,1217,0,1,20,0,1,1,1,0
48,48,0,0,56,234,0,1,48,0,1,1,1,0
6,6,0,0,1494,1224,0,1,6,0,1,1,1,0
95,95,0,0,56,236,0,1,95,0,1,1,1,0
9,9,0,0,65,244,0,1,9,0,0,1,1,0
22,22,0,0,118,298,0,1,22,0,0,1,1,0
235,235,0,0,31,210,0,1,235,0,1,1,1,0
67,67,0,0,25,204,0,1,67,0,0,1,1,0
15,15,0,0,3,1083,0,1,15,0,1,1,1,0
37,37,0,0,59,238,0,1,37,0,1,1,1,0
10,10,0,0,57,235,0,1,10,0,0,1,1,0
17,17,0,0,37,160,0,1,17,0,1,1,1,0
11,11,0,0,43,223,0,1,11,0,1,1,1,0
8,8,0,0,45,160,0,1,8,0,0,1,1,0
46,46,0,0,20,200,0,1,46,0,1,1,1,0
15,15,0,0,46,2685,0,1,15,0,1,1,1,0
20,20,0,0,34,213,0,1,20,0,0,1,1,0
8,8,0,0,816,996,0,1,8,0,0,1,1,0
75,75,0,0,29,207,0,1,75,0,0,1,1,0
10,5,0,0,50,230,0,1,5,0,0,1,1,0
1500,1500,0,0,17,195,0,1,1500,0,1,1,1,0
63,63,0,0,38,217,0,1,63,0,1,1,1,0
16,16,0,0,58,237,0,1,16,0,1,1,1,0
12,9,0,0,1421,1601,0,1,9,0,0,1,1,0
312,312,0,0,52,1127,0,1,312,0,1,1,1,0
135,135,0,0,1066,1243,0,1,135,0,1,1,1,0
949,949,1,0,47,104,0,1,949,0,1,1,1,0
3,3,0,0,27,207,0,1,3,0,1,1,1,0
21,21,0,0,2,177,0,1,21,0,1,1,1,0
26,26,0,0,57,65,0,1,26,0,1,1,1,0
78,78,0,0,68,247,0,1,78,0,0,1,1,0
45,30,0,0,819,998,0,1,30,0,0,1,1,0
19,9,0,0,22,202,0,1,9,0,1,1,1,0
170,170,0,0,34,134,0,1,170,0,0,1,1,0
10,10,0,0,20,143,0,1,10,0,0,1,1,0
6,6,0,0,25,1013,0,1,6,0,1,1,1,0
75,46,0,0,45,221,0,1,46,0,1,1,1,0
9,5,0,0,11,191,0,1,5,0,0,1,1,0
39,12,0,0,54,233,0,1,12,0,1,1,1,0
9,5,0,0,13,192,0,1,5,0,0,1,1,0
3,3,0,0,104,282,0,0,3,0,1,1,1,0
7,3,0,0,9,189,0,1,3,0,1,1,1,0
10,10,0,0,10,190,0,1,10,0,1,1,1,0
75,30,0,0,166,345,0,1,30,0,0,1,1,0
10,10,0,0,42,214,0,1,10,0,1,1,1,0
57,48,0,0,25,204,0,1,48,0,1,1,1,0
12,12,0,0,58,237,0,1,12,0,1,1,1,0
83,83,0,0,90,269,0,1,83,0,0,1,1,0
6,6,0,0,2,181,0,1,6,0,1,1,1,0
199,199,0,0,86,236,0,1,199,0,0,1,1,0
60,60,0,0,44,1124,0,1,60,0,1,1,1,0
5,5,0,0,29,1176,0,1,5,0,1,1,1,0
60,60,0,0,49,228,0,1,60,0,0,1,1,0
57,57,0,0,70,248,0,1,57,0,1,1,1,0
2,2,0,0,8,187,0,1,2,0,1,1,1,0
21,15,0,0,28,206,0,1,15,0,1,1,1,0
539,539,0,0,9,4029,0,1,539,0,1,1,1,0
5,5,0,0,23,203,0,1,5,0,1,1,1,0
3,3,0,0,8,188,0,1,3,0,1,1,1,0
15,15,0,0,51,230,0,1,15,0,1,1,1,0
5,5,0,0,59,238,0,1,5,0,1,1,1,0
40,40,0,0,18,198,0,1,40,0,1,1,1,0
54,49,0,0,985,1165,0,1,49,0,1,1,1,0
17,17,0,0,55,215,0,1,17,0,0,1,1,0
10,10,0,0,95,275,0,0,10,0,1,1,1,0
10,10,0,0,21,141,0,1,10,0,0,1,1,0
24,12,0,0,11,190,0,1,12,0,0,1,1,0
30,30,0,0,57,1196,0,1,30,0,1,1,1,0
6,4,0,0,932,1105,0,1,4,0,0,1,1,0
4,4,0,0,7,187,0,1,4,0,0,1,1,0
12,4,0,0,50,228,0,1,4,0,0,1,1,0
52,52,0,0,6,184,0,1,52,0,1,1,1,0
23,23,0,0,958,1134,0,1,23,0,0,1,1,0
17,17,0,0,29,201,0,1,17,0,1,1,1,0
95,95,0,0,36,25,0,1,95,0,0,1,1,0
20,20,0,0,94,274,0,1,20,0,1,1,1,0
171,171,0,0,15,2594,0,1,171,0,0,1,1,0
58,58,0,0,68,247,0,1,58,0,1,1,1,0
8,5,0,0,26,985,0,1,6,0,1,1,1,0
9,9,0,0,15,195,0,1,9,0,1,1,1,0
17,17,0,0,33,213,0,1,17,0,1,1,1,0
25,23,0,0,35,215,0,1,23,0,0,1,1,0
3,3,0,0,10,188,0,1,3,0,0,1,1,0
3,2,0,0,40,1000,0,1,2,0,1,1,1,0
38,33,0,0,36,215,0,1,33,0,0,1,1,0
9,9,0,0,2765,2943,0,1,9,0,0,1,1,0
95,95,0,0,790,970,0,1,95,0,0,1,1,0
20,20,0,0,13,61,0,1,20,0,1,1,1,0
135,135,0,0,57,231,0,0,135,0,1,1,1,0
18,18,0,0,663,32,0,1,18,0,1,1,1,0
25,25,0,0,2221,2396,0,1,25,0,0,1,1,0
480,480,0,0,35,214,0,1,480,0,1,1,1,0
70,70,0,0,993,109,0,1,70,0,1,1,1,0
14,14,0,0,48,227,0,1,14,0,0,1,1,0
31,31,0,0,8,968,0,1,31,0,0,1,1,0
4,4,0,0,45,224,0,1,4,0,1,1,0,0
162,162,0,0,927,1106,0,1,162,0,1,1,1,0
3,1,0,0,20,200,0,1,1,0,1,1,1,0
20,20,0,0,59,185,0,1,20,0,1,1,1,0
75,75,0,0,12,1092,0,1,75,0,0,1,1,0
12,10,0,0,23,982,0,0,10,0,1,1,1,0
105,105,0,0,59,237,0,1,105,0,0,1,0,0
14,14,0,0,24,203,0,1,14,0,1,1,0,0
4,4,0,0,31,211,0,1,4,0,0,1,1,0
8,8,0,0,14,194,0,1,8,0,1,1,0,0
1,1,0,0,2574,2753,0,1,1,0,1,1,1,0
120,36,0,0,98,102,0,1,36,0,1,1,1,0
80,80,0,0,2,42,0,1,80,0,0,1,1,0
29,29,0,0,52,231,0,1,29,0,1,1,1,1
447,447,0,0,52,128,0,1,447,0,1,1,1,0
4,3,0,0,28,208,0,1,3,0,0,1,1,0
13,13,0,0,46,1034,0,1,13,0,1,1,1,0
3,3,0,0,1016,1185,0,1,3,0,1,1,1,0
10,7,0,0,30,19,0,1,7,0,1,1,0,0
35,35,0,0,43,223,0,1,35,0,1,1,1,0
1,1,0,0,4010,4189,0,1,1,0,1,1,0,0
470,470,1,0,43,223,0,1,470,0,1,1,0,0
70,70,0,0,1116,1295,0,1,70,0,1,1,1,1
106,106,0,0,52,205,0,1,106,0,1,1,1,0
1,1,0,0,70,250,0,1,1,0,1,1,0,0
2,1,0,0,13,193,0,1,1,0,1,1,1,0
60,60,0,0,57,193,0,1,60,0,1,1,1,1
90,45,0,0,51,172,0,1,45,0,1,1,1,0
1,1,0,0,44,223,0,1,1,0,1,1,1,0
14,10,0,0,29,209,0,1,10,0,1,1,0,0
1,1,0,0,2414,2594,0,1,1,0,1,1,1,0
19,19,0,0,28,206,0,1,19,0,1,1,1,1
40,12,0,0,24,204,0,1,12,0,1,1,1,1
35,35,0,0,58,211,0,1,35,0,1,1,1,1
24,18,0,0,1,180,0,1,18,0,1,1,1,0
14,10,0,0,35,215,0,1,10,0,1,1,1,0
275,275,0,0,59,223,0,1,275,0,1,1,0,0
18,9,0,0,37,996,0,1,9,0,1,1,0,0
19,14,0,0,27,207,0,1,14,0,1,1,1,0
7,4,0,0,29,208,0,1,4,0,1,1,1,0
28,12,0,0,16,195,0,1,12,0,1,1,1,0
6,6,0,0,13,193,0,1,6,0,1,1,0,0
10,7,0,0,32,179,0,1,7,0,1,1,1,0
6,6,0,0,55,235,0,1,6,0,1,1,1,0
2,2,0,0,4,181,0,1,2,0,1,1,1,0
31,31,0,0,36,1056,0,0,31,0,1,1,1,0
4,2,0,0,825,1005,0,1,2,0,0,1,1,0
3,2,0,0,25,204,0,1,2,0,1,1,1,0
20,20,0,0,29,209,0,1,20,0,1,1,1,0
65,65,0,0,49,227,0,1,65,0,1,1,1,1
20,10,0,0,39,219,0,1,10,0,1,1,1,0
80,32,0,0,86,265,0,1,32,0,0,1,1,0
35,14,0,0,21,1156,0,1,14,0,1,1,1,0
25,17,0,0,823,1003,0,0,17,0,1,1,1,0
12,12,0,0,54,233,0,1,12,0,1,1,1,0
1,1,0,0,51,230,0,1,1,0,0,1,1,0
6,6,0,0,28,40,0,1,6,0,1,1,0,0
27,18,0,0,30,990,0,1,18,0,0,1,1,0
32,32,0,0,6,184,0,1,32,0,1,1,1,0
11,11,0,0,50,74,0,1,11,0,0,1,1,0
14,14,0,0,1139,1291,0,1,14,0,0,1,1,0
8,8,0,0,53,233,0,1,8,0,0,1,1,0
2,2,0,0,24,204,0,0,2,0,1,1,1,0
4,2,0,0,124,301,0,0,2,0,1,1,1,0
2,1,0,0,31,211,0,1,1,0,1,1,1,0
60,60,0,0,21,199,0,1,60,0,1,1,1,0
28,28,0,0,52,231,0,1,28,0,1,1,1,0
13,13,0,0,37,216,0,1,13,0,1,1,1,0
699,699,0,0,56,220,0,1,699,0,0,1,1,0
4,4,0,0,36,208,0,1,4,0,1,1,1,1
12,9,0,0,29,208,0,1,9,0,0,1,1,0
180,54,0,0,36,88,0,1,54,0,0,1,1,0
33,23,0,0,76,254,0,1,23,0,0,1,1,0
7,3,0,0,59,1255,0,1,3,0,1,1,1,0
5,4,0,0,42,1002,0,1,4,0,1,1,1,0
4,3,0,0,21,200,0,1,3,0,1,1,1,0
18,18,0,0,29,208,0,1,18,0,1,1,1,0
15,15,0,0,39,219,0,1,15,0,1,1,1,0
170,170,0,0,11,191,0,1,170,0,1,1,0,0
15,15,0,0,47,1007,0,1,15,0,1,1,1,0
3,3,0,0,48,216,0,1,3,0,1,1,1,0
70,70,0,0,24,1104,0,1,70,0,1,1,1,0
20,20,0,0,217,138,0,1,20,0,1,1,1,0
3,2,0,0,62,242,0,1,2,0,0,1,1,0
165,111,0,0,1076,1252,0,1,111,0,1,1,1,0
40,40,0,0,29,209,0,1,40,0,0,1,1,0
7,7,0,0,775,954,0,1,7,0,1,1,1,0
86,55,0,0,1,181,0,1,55,0,1,1,1,0
3,3,0,0,77,257,0,1,3,0,1,1,1,0
25,25,0,0,40,219,0,1,25,0,1,1,1,0
5,5,0,0,32,212,0,1,5,0,1,1,1,0
57,57,0,0,54,234,0,1,57,0,1,1,1,0
25,10,0,0,69,249,0,1,10,0,1,1,1,0
10,7,0,0,21,1099,0,1,7,0,1,1,1,0
26,15,0,0,38,998,0,1,15,0,1,1,1,0
15,15,0,0,23,150,0,1,15,0,1,1,1,0
11,6,0,0,34,211,0,1,6,0,1,1,1,0
3,3,0,0,21,980,0,1,3,0,1,1,1,0
25,25,0,0,18,198,0,1,25,0,1,1,1,0
25,25,0,0,1494,1224,0,1,25,0,1,1,1,0
5,5,0,0,31,210,0,1,5,0,1,1,1,0
12,6,0,0,793,973,0,1,6,0,1,1,1,0
8,6,0,0,41,1000,0,0,6,0,1,1,1,0
728,728,0,0,819,118,0,1,728,0,0,1,1,0
34,34,0,0,36,199,0,1,34,0,1,1,1,0
6,6,0,0,54,1041,0,1,6,0,0,1,1,0
25,25,0,0,30,209,0,1,25,0,0,1,1,0
119,119,0,0,35,214,0,1,119,0,1,1,1,0
33,33,0,0,16,1094,0,1,33,0,1,1,1,0
59,59,0,0,59,238,0,1,59,0,1,1,1,0
2,2,0,0,1,960,0,1,2,0,1,1,1,0
80,80,0,0,17,77,0,1,80,0,1,1,1,0
6,3,0,0,795,975,0,1,3,0,1,1,1,0
30,30,0,0,48,227,0,1,30,0,1,1,1,0
104,104,0,0,44,117,0,1,104,0,0,1,1,0
25,25,0,0,23,46,0,1,25,0,0,1,1,0
11,11,0,0,11,191,0,1,11,0,1,1,1,0
375,375,1,0,58,180,0,1,375,0,1,1,1,0
3,2,0,0,11,191,0,1,2,0,1,1,0,0
20,8,0,0,28,207,0,1,8,0,1,1,0,0
12,12,0,0,2939,2790,0,1,12,0,1,1,1,0
65,65,0,0,51,1220,0,1,65,0,1,1,1,0
276,276,0,0,50,101,0,1,276,0,1,1,1,0
30,30,0,0,12,1152,0,1,30,0,1,1,0,0
8,8,0,0,15,195,0,1,8,0,1,1,1,0
4,4,0,0,228,391,0,1,4,0,0,1,0,0
3,2,0,0,95,274,0,1,2,0,0,1,0,0
3,3,0,0,41,1000,0,1,3,0,1,1,0,0
27,18,0,0,20,200,0,1,18,0,0,1,1,0
23,12,0,0,30,194,0,1,12,0,1,1,0,0
719,719,0,0,49,189,0,1,719,0,1,1,0,0
50,25,0,0,22,154,0,1,25,0,1,1,1,0
38,33,0,0,1,181,0,1,33,0,0,1,0,0
5,3,0,0,21,979,0,1,3,0,1,1,1,0
17,17,0,0,30,206,0,1,17,0,1,1,1,0
5,4,0,0,34,214,0,0,4,0,1,1,1,0
22,22,0,0,33,213,0,1,22,0,1,1,1,0
49,49,0,0,49,206,0,1,49,0,1,1,1,1
7,7,0,0,54,234,0,1,7,0,0,1,1,0
9,7,0,0,53,232,0,1,7,0,1,1,1,0
36,25,0,0,5,185,0,1,25,0,1,1,1,0
2,2,0,0,980,1160,0,1,2,0,1,1,1,0
4,4,0,0,43,214,0,1,4,0,1,1,1,0
3,3,0,0,11,190,0,1,3,0,1,1,1,0
20,13,0,0,11,191,0,1,13,0,0,1,1,0
949,949,1,0,53,130,0,1,949,0,1,1,1,0
12,12,0,0,29,57,0,1,12,0,0,1,1,0
9,9,0,0,88,180,0,0,9,0,1,1,1,0
4,4,0,0,14,193,0,1,4,0,1,1,0,0
5,5,0,0,58,1254,0,1,5,0,0,1,0,0
28,28,0,0,58,151,0,1,28,0,0,1,1,0
45,18,0,0,55,1194,0,1,18,0,0,1,0,0
9,9,0,0,22,202,0,1,9,0,0,1,0,0
20,20,0,0,13,192,0,1,20,0,0,1,1,0
10,10,0,0,52,65,0,0,10,0,1,1,1,0
25,15,0,0,43,222,0,1,15,0,0,1,0,0
108,32,0,0,12,191,0,1,32,0,1,1,0,0
7,3,0,0,25,126,0,1,3,0,0,1,0,0
70,70,0,0,45,98,0,1,70,0,0,1,0,0
5,5,0,0,2,181,0,1,5,0,0,1,0,0
26,13,0,0,73,237,0,1,13,0,1,1,0,0
20,20,0,0,1138,125,0,1,20,0,0,1,0,0
9,9,0,0,14,192,0,0,9,0,1,1,1,0
12,12,0,0,18,197,0,1,12,0,0,1,0,0
8,6,0,0,813,993,0,1,6,0,1,1,0,0
8,6,0,0,21,122,0,1,6,0,0,1,0,0
20,13,0,0,21,981,0,1,13,0,1,1,0,0
18,12,0,0,37,997,0,1,12,0,0,1,0,0
9,6,0,0,41,1001,0,1,6,0,1,1,0,0
450,450,0,0,851,1014,0,1,450,0,0,1,0,0
14,14,0,0,110,192,0,1,14,0,0,1,0,0
60,60,0,0,58,58,0,1,60,0,1,1,0,0
4,4,0,0,31,210,0,1,4,0,1,1,0,0
7,7,0,0,31,211,0,1,7,0,1,1,0,0
19,19,0,0,58,235,0,1,19,0,1,1,0,0
2,2,0,0,24,204,0,1,2,0,0,1,0,0
3,3,0,0,44,222,0,1,3,0,0,1,0,0
32,32,0,0,5,184,0,1,32,0,0,1,0,0
7,6,0,0,11,191,0,1,6,0,0,1,0,0
13,13,0,0,17,197,0,1,13,0,1,1,0,0
164,164,0,0,48,226,0,1,164,0,0,1,0,0
23,18,0,0,40,207,0,1,18,0,0,1,0,0
8,8,0,0,19,198,0,1,8,0,0,1,0,0
150,150,0,0,20,980,0,1,150,0,1,1,0,0
15,15,0,0,787,966,0,1,15,0,0,1,0,0
25,18,0,0,34,212,0,1,18,0,0,1,0,0
110,110,0,0,39,216,0,1,110,0,0,1,0,0
62,43,0,0,58,1257,0,1,43,0,0,1,0,0
5,5,0,0,4094,4273,0,1,5,0,1,1,0,0
26,26,0,0,977,1156,0,1,26,0,1,1,0,0
30,12,0,0,56,236,0,1,12,0,1,1,0,0
8,8,0,0,40,219,0,1,8,0,1,1,0,0
8,8,0,0,954,4,0,1,8,0,0,1,0,0
11,11,0,0,1142,1320,0,1,11,0,0,1,0,0
13,13,0,0,22,202,0,1,13,0,1,1,0,0
11,11,0,0,45,224,0,1,11,0,0,1,0,0
20,18,0,0,1159,1338,0,1,18,0,0,1,0,0
40,40,0,0,39,218,0,1,40,0,0,1,0,0
1,1,0,0,38,36,0,1,1,0,0,1,0,0
4,4,0,0,35,215,0,1,4,0,1,1,0,0
4,3,0,0,36,197,0,1,3,0,1,1,0,0
12,12,0,0,55,235,0,1,12,0,0,1,0,0
16,16,0,0,55,232,0,1,16,0,0,1,0,0
5,5,0,0,58,238,0,1,5,0,1,1,0,0
12,12,0,0,56,1015,0,1,12,0,0,1,0,0
170,170,0,0,13,192,0,1,170,0,1,1,0,0
7,7,0,0,43,1122,0,1,7,0,1,1,0,0
3,2,0,0,19,198,0,1,2,0,1,1,0,0
32,17,0,0,20,200,0,1,17,0,0,1,0,0
36,36,0,0,34,214,0,1,36,0,1,1,0,0
3,3,0,0,12,192,0,1,3,0,1,1,0,0
15,15,0,0,61,240,0,1,15,0,1,1,0,0
40,30,0,0,38,1113,0,1,30,0,1,1,0,0
40,35,0,0,40,220,0,1,35,0,0,1,0,0
2,1,0,0,5,45,0,1,1,0,0,1,0,0
20,20,0,0,56,227,0,1,20,0,0,1,0,0
7,7,0,0,54,232,0,1,7,0,0,1,0,0
7,7,0,0,10,137,0,1,7,0,1,1,0,0
11,11,0,0,797,977,0,1,11,0,1,1,0,0
40,12,0,0,52,1192,0,1,12,0,0,1,0,0
9,9,0,0,139,317,0,1,9,0,0,1,0,0
2,2,0,0,18,197,0,1,2,0,1,1,0,0
10,10,0,0,40,219,0,1,10,0,1,1,0,0
20,20,0,0,9,188,0,1,20,0,0,1,0,0
16,16,0,0,42,222,0,1,16,0,0,1,1,0
40,40,0,0,41,1120,0,1,40,0,1,1,0,0
10,10,0,0,8,1011,0,0,10,0,1,1,1,0
21,21,0,0,56,1046,0,0,21,0,1,1,1,0
26,13,0,0,17,191,0,1,13,0,1,1,0,0
3,1,0,0,24,204,0,1,1,0,1,1,0,0
7,7,0,0,109,289,0,1,7,0,1,1,0,0
6,6,0,0,68,247,0,1,6,0,1,1,0,0
20,20,0,0,8,188,0,1,20,0,1,1,0,0
16,16,0,0,48,160,0,1,16,0,1,1,0,0
15,15,0,0,1,156,0,1,15,0,1,1,0,0
19,13,0,0,32,212,0,1,13,0,0,1,0,0
18,18,0,0,2593,2765,0,1,18,0,1,1,0,0
4,3,0,0,22,202,0,1,3,0,1,1,0,0
16,12,0,0,48,222,0,1,12,0,1,1,0,0
125,65,0,0,755,933,0,1,65,0,1,1,0,0
9,9,0,0,42,222,0,1,9,0,1,1,0,0
45,45,0,0,2415,2573,0,1,45,0,1,1,0,0
14,14,0,0,26,206,0,1,14,0,1,1,0,0
84,75,0,0,58,234,0,0,75,0,1,1,1,0
6,6,0,0,755,180,0,1,6,0,1,1,1,0
5,5,0,0,132,267,0,1,5,0,1,1,0,0
14,14,0,0,1193,1372,0,1,14,0,1,1,0,0
5,3,0,0,1,181,0,1,3,0,0,1,1,0
22,22,0,0,59,1139,0,1,22,0,1,1,1,0
20,20,0,0,751,203,0,1,20,0,1,1,1,0
18,17,0,0,33,91,0,1,17,0,1,1,1,0
20,20,0,0,849,222,0,1,20,0,1,1,1,0
10,10,0,0,103,189,0,1,10,0,1,1,1,0
20,20,0,0,55,194,0,1,20,0,1,1,1,1
20,20,0,0,647,151,0,1,20,0,1,1,1,0
20,20,0,0,561,227,0,1,20,0,0,1,1,0
4,1,0,0,12,181,0,1,1,0,1,1,1,0
24,24,0,0,16,1096,0,1,24,0,1,1,1,0
7,3,0,0,14,194,0,1,3,0,1,1,1,0
90,54,0,0,991,121,0,1,54,0,1,1,1,0
81,81,0,0,31,1075,0,1,81,0,1,1,1,0
27,9,0,0,20,103,0,1,9,0,0,1,1,0
30,23,0,0,7,137,0,1,23,0,1,1,1,0
18,18,0,0,927,107,0,1,18,0,1,1,1,0
20,20,0,0,8,1172,0,1,20,0,1,1,1,0
85,85,0,0,58,1233,0,1,85,0,1,1,0,0
22,22,0,0,35,1115,0,1,22,0,1,1,1,0
14,14,0,0,22,129,0,1,14,0,1,1,1,0
20,20,0,0,644,112,0,1,20,0,0,1,1,0
20,20,0,0,645,114,0,1,20,0,0,1,1,0
20,20,0,0,555,153,0,1,20,0,1,1,1,0
899,727,0,0,58,238,0,1,727,0,1,1,1,0
22,22,0,0,48,228,0,1,22,0,1,1,1,0
15,15,0,0,126,305,0,1,15,0,0,1,1,0
10,10,0,0,643,221,0,1,10,0,1,1,1,0
20,6,0,0,9,189,0,1,6,0,0,1,0,0
19,15,0,0,23,202,0,1,15,0,1,1,1,0
1,1,0,0,35,93,0,1,1,0,0,1,0,0
20,20,0,0,22,89,0,1,20,0,0,1,0,0
20,20,0,0,838,352,0,1,20,0,1,1,0,0
5,5,0,0,838,313,0,1,5,0,1,1,0,0
20,10,0,0,46,1185,0,1,10,0,0,1,0,0
20,20,0,0,68,131,0,1,20,0,1,1,0,0
30,30,0,0,11,146,0,1,30,0,1,1,0,0
22,22,0,0,59,239,0,1,22,0,1,1,0,0
30,30,0,0,57,217,0,0,30,0,1,1,1,0
63,63,0,0,1,142,0,0,63,0,1,1,1,0
9,9,0,0,1245,1425,0,0,9,0,1,1,1,0
2,2,0,0,59,237,0,1,2,0,1,1,1,0
39,29,0,0,44,224,0,1,29,0,1,1,1,0
589,535,0,0,27,157,0,0,535,0,1,1,1,0
186,186,0,0,34,1101,0,1,186,0,1,1,1,0
59,59,0,0,1403,1582,0,1,59,0,1,1,1,0
173,147,0,0,15,14,0,1,147,0,1,1,1,0
8,8,0,0,62,240,0,1,8,0,1,1,1,0
114,64,0,0,126,305,0,1,64,0,1,1,1,0
106,106,0,0,56,1136,0,1,106,0,1,1,1,0
517,517,0,0,7,1082,0,0,517,0,1,1,1,0
59,59,0,0,79,258,0,0,59,0,1,1,1,0
3,3,0,0,21,1520,0,0,3,0,1,1,1,0
79,79,0,0,52,231,0,0,79,0,1,1,1,0
279,279,1,0,125,303,0,0,279,0,1,1,1,0
2,2,0,0,110,1609,0,1,2,0,1,1,0,0
59,59,0,0,172,351,0,1,59,0,1,1,0,0
49,49,0,0,20,200,0,1,49,0,1,1,0,0
53,37,0,0,994,120,0,1,37,0,1,1,0,0
3,3,0,0,13,1001,0,1,3,0,0,1,1,0
299,269,0,0,35,1174,0,1,269,0,1,1,1,0
12,12,0,0,23,203,0,1,12,0,0,1,1,0
480,480,0,0,61,196,0,1,480,0,0,1,1,0
344,344,0,0,57,168,0,1,344,0,0,1,1,0
634,634,0,0,2457,105,0,1,634,0,1,1,1,0
16,16,0,0,1,180,0,1,16,0,0,1,1,0
31,31,0,0,42,221,0,1,31,0,1,1,1,0
140,140,0,0,41,221,0,1,140,0,0,1,1,0
480,480,0,0,43,98,0,1,480,0,0,1,1,0
20,20,0,0,53,1133,0,1,20,0,1,1,1,0
486,486,0,0,57,1125,0,1,486,0,1,1,1,0
669,669,0,0,54,162,0,1,669,0,1,1,1,0
8,7,0,0,19,199,0,1,7,0,0,1,1,0
60,60,0,0,75,255,0,1,60,0,0,1,1,0
12,12,0,0,53,102,0,1,12,0,1,1,1,0
325,96,0,0,18,1215,0,1,96,0,0,1,1,0
24,24,0,0,5,184,0,1,24,0,1,1,1,0
249,249,0,0,29,101,0,1,249,0,1,1,1,0
25,25,0,0,1139,283,0,1,25,0,1,1,1,0
80,80,0,0,50,1130,0,1,80,0,1,1,1,0
294,294,0,0,57,153,0,1,294,0,0,1,1,0
30,25,0,0,10,1028,0,1,30,0,1,1,1,0
47,42,0,0,17,977,0,1,42,0,1,1,1,0
549,549,0,0,1561,1732,0,1,549,0,0,1,1,0
74,35,0,0,48,228,0,1,35,0,1,1,1,0
489,489,1,0,56,1076,1,1,489,0,0,1,1,0
700,700,0,0,53,232,0,1,700,0,0,1,1,0
4,4,0,0,14,194,0,1,4,0,1,1,1,0
107,107,0,0,52,1157,0,1,107,0,0,1,1,0
4,4,0,0,34,993,0,1,4,0,1,1,1,0
129,99,0,0,17,976,0,1,99,0,0,1,1,0
69,69,0,0,58,237,0,1,69,0,0,1,1,0
5,5,0,0,12,177,0,1,5,0,0,1,1,0
89,89,0,0,58,236,0,1,89,0,0,1,1,0
2,2,0,0,9,188,0,1,2,0,1,1,1,0
20,15,0,0,46,1335,0,1,15,0,1,1,1,0
68,68,0,0,31,1171,0,1,68,0,1,1,1,0
40,40,0,0,946,1125,0,1,40,0,1,1,1,0
199,200,0,0,40,1059,0,1,199,0,1,1,1,0
31,31,0,0,19,197,0,1,31,0,1,1,1,0
8,6,0,0,1164,1344,0,1,6,0,1,1,1,0
14,7,0,0,28,207,0,1,7,0,1,1,1,0
52,52,0,0,11,181,0,1,52,0,1,1,1,0
90,39,0,0,1036,1215,0,1,39,0,1,1,1,0
41,41,0,0,912,1092,0,1,41,0,0,1,1,0
149,149,0,0,2200,1531,0,1,149,0,1,1,1,0
9,7,0,0,102,281,0,1,7,0,0,1,1,0
32,21,0,0,9,968,0,1,21,0,1,1,1,0
24,16,0,0,9,188,0,1,16,0,0,1,1,0
85,85,0,0,46,221,0,1,85,0,1,1,1,0
19,6,0,0,15,195,0,1,6,0,1,1,1,0
31,31,0,0,57,236,0,1,31,0,1,1,1,0
12,12,0,0,2,177,0,1,12,0,1,1,1,0
18,18,0,0,7,186,0,1,18,0,0,1,1,0
34,32,0,0,20,199,0,1,32,0,1,1,1,0
32,32,0,0,54,229,0,1,32,0,0,1,1,0
13,13,0,0,44,224,0,1,13,0,0,1,1,0
34,16,0,0,756,83,0,1,16,0,0,1,1,0
8,8,0,0,10,179,0,1,8,0,0,1,1,0
124,124,0,0,44,202,0,1,124,0,1,1,1,0
728,728,0,0,945,125,0,1,728,0,1,1,1,0
33,33,0,0,88,267,0,1,33,0,1,1,1,0
13,13,0,0,48,228,0,1,13,0,0,1,1,0
59,59,0,0,52,231,0,1,59,0,1,1,1,0
32,32,0,0,53,232,0,1,32,0,1,1,1,0
18,18,0,0,23,59,0,1,18,0,1,1,1,0
30,30,0,0,775,212,0,1,30,0,1,1,1,0
4,2,0,0,58,237,0,1,2,0,0,1,1,0
15,15,0,0,2655,2834,0,1,15,0,0,1,1,0
760,760,0,0,2070,74,0,1,760,0,1,1,1,0
45,45,0,0,22,202,0,1,45,0,1,1,1,0
31,31,0,0,55,1194,0,1,31,0,0,1,1,0
66,44,0,0,19,198,0,1,44,0,0,1,1,0
44,44,0,0,55,234,0,1,44,0,1,1,1,0
45,33,0,0,817,997,0,1,33,0,1,1,1,0
135,81,0,0,61,241,0,1,81,0,1,1,1,0
46,30,0,0,14,193,0,1,30,0,0,1,1,0
2,2,0,0,40,219,0,1,2,0,0,1,1,0
32,32,0,0,21,981,0,1,32,0,1,1,1,0
35,35,0,0,1064,1240,0,1,35,0,1,1,1,0
447,447,0,0,1136,80,0,1,447,0,0,1,1,0
50,50,0,0,29,190,0,1,50,0,0,1,1,0
330,330,0,0,19,60,0,1,330,0,1,1,1,0
8,8,0,0,1038,1216,0,1,8,0,1,1,1,0
12,12,0,0,38,217,0,1,12,0,0,1,1,0
40,40,0,0,11,1090,0,1,40,0,1,1,1,0
66,44,0,0,1,181,0,1,44,0,1,1,1,0
300,300,0,0,2,919,0,1,300,0,0,1,1,0
41,41,0,0,39,219,0,1,41,0,1,1,1,0
9,9,0,0,13,193,0,1,9,0,1,1,1,0
5,5,0,0,4,964,0,1,5,0,1,1,1,0
46,39,0,0,910,1087,0,1,39,0,1,1,1,0
10,10,0,0,27,1106,0,1,10,0,0,1,1,0
6,6,0,0,53,1042,0,1,6,0,1,1,1,0
17,17,0,0,1299,1479,0,1,17,0,0,1,1,0
79,79,0,0,40,88,0,1,79,0,1,1,1,0
34,34,0,0,54,1193,0,1,34,0,1,1,1,0
52,52,0,0,29,1169,0,1,52,0,1,1,1,0
35,17,0,0,12,1210,0,1,17,0,0,1,1,0
45,45,0,0,13,1152,0,1,45,0,0,1,1,0
60,60,0,0,16,1096,0,1,60,0,1,1,1,0
17,17,0,0,30,209,0,1,17,0,0,1,1,0
73,73,0,0,49,229,0,1,73,0,0,1,1,0
30,23,0,0,795,975,0,1,23,0,0,1,1,0
12,7,0,0,42,221,0,1,7,0,0,1,1,0
450,450,1,0,78,257,1,1,450,0,0,1,1,0
789,789,0,0,58,91,0,1,789,0,0,1,0,0
344,344,0,0,40,122,0,0,344,0,0,1,1,0
634,634,0,0,58,1057,0,1,634,0,1,1,1,0
62,62,0,0,42,2621,0,1,62,0,0,1,1,0
50,50,0,0,52,232,0,1,50,0,0,1,1,0
5,2,0,0,31,1110,0,1,2,0,1,1,1,0
31,31,0,0,39,1119,0,1,31,0,1,1,1,0
294,294,0,0,58,124,0,1,294,0,0,1,1,0
14,12,0,0,15,194,0,1,12,0,1,1,1,0
2,2,0,0,17,195,0,1,2,0,1,1,1,0
424,424,0,0,14,190,0,1,424,0,0,1,1,0
840,336,0,0,56,236,0,1,336,0,0,1,1,0
424,424,0,0,35,64,0,1,424,0,0,1,1,0
349,349,0,0,898,1077,0,1,349,0,1,1,1,0
72,72,0,0,56,235,0,1,72,0,1,1,1,0
14,14,0,0,29,209,0,1,14,0,0,1,1,0
30,30,0,0,73,253,0,1,30,0,1,1,1,0
74,54,0,0,34,213,0,1,54,0,1,1,1,0
16,16,0,0,19,199,0,1,16,0,1,1,1,0
18,18,0,0,47,226,0,1,18,0,1,1,1,0
89,89,0,0,15,174,0,1,89,0,1,1,1,0
10,10,0,0,46,225,0,1,10,0,0,1,1,0
5,5,0,0,22,202,0,1,5,0,1,1,1,0
4,4,0,0,65,245,0,1,4,0,1,1,1,0
450,450,0,0,45,224,0,1,450,0,1,1,1,0
55,55,0,0,27,207,0,1,55,0,1,1,1,0
39,39,0,0,106,215,0,1,39,0,1,1,1,0
35,35,0,0,31,194,0,1,35,0,1,1,1,0
135,135,0,0,16,195,0,1,135,0,0,1,1,0
46,46,0,0,24,202,0,1,46,0,1,1,1,0
104,104,0,0,57,237,0,1,104,0,0,1,1,0
1280,1280,1,0,53,231,1,1,1280,0,0,1,1,0
210,210,0,0,44,224,0,1,210,0,0,1,1,0
35,35,0,0,53,1133,0,1,35,0,0,1,1,0
35,35,0,0,58,1197,0,1,35,0,1,1,1,0
8,8,0,0,44,1184,0,1,8,0,0,1,1,0
14,14,0,0,90,269,0,1,14,0,0,1,1,0
33,28,0,0,58,235,0,1,28,0,0,1,1,0
49,49,0,0,27,179,0,1,49,0,1,1,1,0
6,6,0,0,103,283,0,1,6,0,0,1,0,0
10,10,0,0,39,219,0,1,10,0,0,1,0,0
201,201,0,0,54,1014,0,1,201,0,1,1,0,0
14,14,0,0,48,227,0,1,14,0,1,1,0,0
71,71,0,0,1,181,0,1,71,0,0,1,0,0
80,80,0,0,49,1129,0,1,80,0,0,1,0,0
95,95,0,0,47,225,0,1,95,0,0,1,0,0
47,14,0,0,149,326,0,1,14,0,1,1,0,0
49,49,0,0,3837,4014,0,1,49,0,0,1,1,0
6,6,0,0,4027,167,0,1,6,0,0,1,1,0
345,345,0,0,59,1134,0,1,345,0,1,1,1,0
135,135,0,0,958,1130,0,1,135,0,1,1,1,0
30,30,0,0,57,217,0,1,30,0,1,1,1,0
5,5,0,0,48,1126,0,1,5,0,1,1,1,0
63,63,0,0,1,142,0,1,63,0,1,1,1,0
4,4,0,0,45,1124,0,1,4,0,1,1,1,0
2,2,0,0,960,1139,0,1,2,0,1,1,1,0
84,75,0,0,58,234,0,1,75,0,0,1,1,0
2,2,0,0,58,162,0,1,2,0,1,1,1,0
34,34,0,0,450,83,0,1,34,0,0,1,1,0
29,29,0,0,45,1123,0,1,29,0,1,1,1,0
12,12,0,0,34,1428,0,1,12,0,1,1,1,0
3,3,0,0,19,1519,0,1,3,0,1,1,1,0
9,9,0,0,1245,1425,0,1,9,0,0,1,1,0
49,49,0,0,3949,4129,0,1,49,0,0,1,1,0
21,21,0,0,49,227,0,1,21,0,1,1,1,0
10,10,0,0,1239,1418,0,1,10,0,1,1,1,0
7,7,0,0,743,110,0,1,7,0,0,1,1,0
53,53,0,0,18,188,0,1,106,0,1,1,1,0
3,3,0,0,57,237,0,1,3,0,1,1,1,0
6,6,0,0,755,180,0,1,6,0,1,1,1,0
5,5,0,0,12,168,0,1,5,0,1,1,1,0
19,19,0,0,42,1505,0,1,19,0,1,1,1,0
173,147,0,0,15,13,0,1,147,0,1,1,1,0
186,186,0,0,34,1101,0,1,186,0,0,1,1,0
39,29,0,1,43,223,0,1,29,0,1,1,1,1
39,29,0,0,44,223,0,1,29,0,0,1,1,0
3,3,0,1,929,1108,0,1,3,0,1,1,1,1
589,535,0,0,27,157,0,1,535,0,0,1,1,0
2,2,0,0,59,237,0,1,2,0,0,1,1,0
5,4,0,0,36,214,0,1,4,0,1,1,1,0
8,8,0,0,62,239,0,1,8,0,0,1,1,0
59,59,0,0,1402,1582,0,1,59,0,0,1,1,0
3,3,0,0,4199,5668,0,1,3,0,1,1,1,0
114,64,0,0,126,305,0,1,64,0,1,1,1,0
5,5,0,0,15,133,0,1,5,0,0,1,1,0
14,10,0,0,112,247,0,1,10,0,1,1,1,0
8,8,0,0,42,220,0,1,8,0,1,1,1,0
14,10,0,0,3086,228,0,1,10,0,1,1,1,0
106,106,0,0,56,1136,0,1,106,0,0,1,1,0
4,4,0,0,55,233,0,1,4,0,1,1,1,0
6,6,0,0,19,1160,0,1,6,0,1,1,1,0
13,6,0,0,40,202,0,1,6,0,1,1,1,0
10,10,0,0,57,195,0,1,10,0,1,1,1,0
3,3,0,0,17,196,0,1,3,0,0,1,1,0
14,14,0,0,22,201,0,1,14,0,0,1,1,0
10,10,0,0,40,218,0,1,10,0,0,1,1,0
517,517,0,0,7,1082,0,1,517,0,0,1,1,0
16,16,0,0,57,236,0,1,16,0,1,1,1,1
7,5,0,0,50,227,0,1,5,0,1,1,1,1
4,4,0,0,18,197,0,1,4,0,1,1,1,1
5,5,0,0,39,1117,0,1,5,0,1,1,1,1
4,3,0,0,31,4359,0,1,3,0,1,1,1,1
10,10,0,0,37,1116,0,1,10,0,1,1,1,1
4,4,0,0,13,1090,0,1,4,0,1,1,1,0
129,99,0,0,37,213,0,1,99,0,1,1,1,1
5,5,0,0,35,213,0,1,5,0,1,1,1,0
7,5,0,0,32,88,0,1,5,0,1,1,1,0
4,4,0,0,57,236,0,1,4,0,1,1,1,0
5,5,0,0,1102,55,0,1,5,0,1,1,1,0
11,11,0,0,38,215,0,0,11,0,1,1,1,0
59,59,0,0,79,258,0,1,59,0,0,1,1,0
35,28,0,0,938,259,0,1,28,0,1,1,1,0
39,39,0,0,39,218,0,1,39,0,1,1,1,0
3,3,0,0,21,1519,0,1,3,0,1,1,1,0
79,79,0,0,52,231,0,1,79,0,0,1,1,0
5,5,0,0,51,229,0,1,5,0,1,1,1,0
4,4,0,0,41,1120,0,1,4,0,1,1,1,1
4,4,0,0,877,1053,0,1,4,0,1,1,0,0
7,7,0,0,2580,2758,0,1,7,0,0,1,1,0
3,3,0,0,25,1458,0,1,3,0,1,1,1,1
7,7,0,0,123,294,0,1,7,0,1,1,1,0
15,7,0,0,59,1257,0,1,7,0,1,1,1,1
4,4,0,0,53,232,0,1,4,0,1,1,1,0
70,42,0,0,48,204,0,1,42,0,1,1,0,0
6,6,0,0,34,214,0,1,6,0,1,1,1,0
6,6,0,0,70,249,0,1,6,0,1,1,1,0
5,3,0,0,2197,106,0,0,3,0,1,1,1,0
8,8,0,0,35,1232,0,1,8,0,0,1,0,0
46,46,0,0,109,287,0,1,46,0,0,1,0,0
179,119,0,0,955,1121,0,1,119,0,1,1,1,0
49,49,0,0,58,4120,0,1,49,0,1,1,1,0
10,10,0,0,4,182,0,1,10,0,0,1,0,0
5,5,0,0,36,215,0,1,5,0,0,1,0,0
5,5,0,0,132,267,0,1,5,0,0,1,0,0
7,7,0,0,82,1576,0,1,7,0,0,1,0,0
2,2,0,0,58,1257,0,1,2,0,1,1,0,0
4,4,0,0,35,213,0,1,4,0,0,1,0,0
4,4,0,0,55,1133,0,1,4,0,0,1,0,0
14,14,0,0,1193,1372,0,1,14,0,0,1,0,0
14,14,0,0,81,1575,0,1,14,0,1,1,0,0
31,31,0,0,24,1456,0,1,31,0,1,1,0,0
9,6,0,0,15,1215,0,1,6,0,0,1,0,0
59,59,0,0,172,351,0,1,59,0,0,1,0,0
2,2,0,0,110,1609,0,1,2,0,0,1,0,0
5,5,0,0,101,280,0,1,5,0,1,1,0,0
8,5,0,0,232,129,0,0,5,0,1,1,1,0
34,34,0,0,37,1117,0,1,34,0,1,1,0,0
106,106,0,0,27,1105,0,1,106,0,1,1,0,0
49,49,0,0,20,200,0,1,49,0,0,1,0,0
10,8,0,0,32,1201,0,1,8,0,0,1,0,0
4,4,0,0,21,1070,0,1,4,0,0,1,0,0
53,37,0,0,994,120,0,1,37,0,0,1,0,0
10,10,0,0,1017,47,0,1,10,0,1,1,1,0
6,6,0,0,2839,3017,0,1,6,0,1,1,0,0
10,8,0,0,21,1220,0,1,8,0,1,1,1,0
4,4,0,0,45,2561,0,1,4,0,1,1,0,0
12,12,0,0,19,1148,0,1,12,0,1,1,1,0
7,7,0,0,904,260,0,1,7,0,1,1,0,0
4,4,0,0,48,192,0,1,4,0,1,1,1,0
4,4,0,0,16,194,0,1,4,0,1,1,0,0
14,14,0,0,8,180,0,1,14,0,1,1,0,0
549,549,0,0,1218,1391,0,1,549,0,1,1,1,0
25,10,0,0,52,1069,0,1,10,0,1,0,1,0
9,9,0,0,57,235,0,1,9,0,0,1,1,0
40,40,0,0,58,237,0,1,40,0,0,0,1,0
19,14,0,0,34,213,0,1,14,0,1,0,1,0
75,75,0,0,53,1128,0,1,75,0,0,0,1,0
126,76,0,0,30,210,0,1,76,0,1,0,1,0
94,94,0,0,57,103,0,1,94,0,1,0,1,0
9,9,0,0,29,208,0,1,9,0,1,0,1,0
53,32,0,0,12,10,0,1,32,0,1,0,1,0
50,20,0,0,1004,1181,0,1,20,0,0,0,1,0
14,14,0,0,30,208,0,1,14,0,0,0,1,0
7,7,0,0,41,1031,0,1,7,0,1,0,1,0
119,119,0,0,45,224,0,1,119,0,1,0,1,0
9,5,0,0,55,1195,0,1,5,0,0,1,1,0
639,639,0,0,28,207,0,1,639,0,1,0,1,0
121,121,0,0,49,228,0,1,121,0,0,0,1,0
150,150,0,0,50,1157,0,1,150,0,1,0,1,0
47,33,0,0,20,199,0,1,33,0,1,0,1,0
15,15,0,0,1014,1193,0,1,15,0,1,1,1,0
41,33,0,0,1,181,0,1,33,0,1,0,1,0
6,6,0,0,21,200,0,1,6,0,1,0,1,0
6,6,0,0,53,233,0,1,6,0,0,0,1,0
2,2,0,0,122,301,0,0,2,0,1,0,1,0
20,20,0,0,61,241,0,1,20,0,1,0,1,0
13,13,0,0,42,220,0,1,13,0,0,0,1,0
30,30,0,0,49,1164,0,1,30,0,1,1,1,0
340,340,0,0,16,191,0,1,340,0,0,0,1,0
86,26,0,0,806,980,0,1,26,0,0,0,1,0
80,80,0,0,15,194,0,1,80,0,1,0,1,0
2,2,0,0,18,1037,0,1,2,0,0,0,1,0
31,31,0,0,14,193,0,1,31,0,0,0,1,0
70,30,0,0,48,228,0,1,30,0,1,0,1,0
35,35,0,0,23,1012,0,1,35,0,1,0,1,0
25,10,0,0,51,1191,0,1,10,0,0,0,1,0
26,26,0,0,1087,267,0,1,26,0,1,0,1,0
34,34,0,0,29,208,0,1,34,0,1,0,1,0
59,59,0,0,28,207,0,1,59,0,1,0,1,0
21,21,0,0,35,215,0,1,21,0,0,0,1,0
35,35,0,0,12,159,0,1,35,0,1,0,1,0
8,8,0,0,38,1028,0,1,8,0,1,0,1,0
55,55,0,0,52,231,0,1,55,0,0,0,1,0
92,37,0,0,67,245,0,1,37,0,1,0,1,0
8,8,0,0,56,234,0,1,8,0,1,0,1,0
135,41,0,0,93,264,0,1,41,0,1,0,1,0
34,34,0,0,45,225,0,1,34,0,1,0,1,0
149,119,0,0,39,218,0,1,119,0,0,0,1,0
142,85,0,0,23,203,0,1,85,0,1,0,1,0
69,69,0,0,55,196,0,1,69,0,1,0,1,0
219,219,0,0,726,905,0,1,219,0,0,0,1,0
40,40,0,0,44,1124,0,1,40,0,1,0,1,0
27,27,0,0,33,194,0,1,27,0,0,0,1,0
1950,1950,1,0,20,195,0,1,1950,0,1,0,1,0
20,20,0,0,51,231,0,1,20,0,1,0,1,0
64,64,0,0,45,1171,0,1,64,0,1,0,1,0
20,20,0,0,37,216,0,1,20,0,0,0,1,0
35,35,0,0,32,212,0,1,35,0,1,0,1,0
32,32,0,0,54,234,0,1,32,0,1,0,1,0
50,50,0,0,13,1150,0,1,50,0,1,0,1,0
65,65,0,0,73,252,0,1,65,0,1,0,1,0
45,30,0,0,33,213,0,1,30,0,1,0,1,0
30,30,0,0,19,199,0,1,30,0,0,0,1,0
18,18,0,0,41,209,0,1,18,0,0,0,1,0
34,31,0,0,9,187,0,1,31,0,1,1,1,0
156,156,0,0,25,1069,0,1,156,0,0,1,1,0
25,25,0,0,31,211,0,1,25,0,1,0,1,0
7,6,0,0,46,225,0,1,6,0,0,0,1,0
10,10,0,0,50,950,0,1,10,0,1,0,1,0
3,3,0,0,17,1096,0,1,3,0,0,0,1,0
44,30,0,0,78,255,0,1,30,0,1,0,1,0
46,46,0,0,50,229,0,1,46,0,0,0,1,0
33,33,0,0,45,225,0,0,33,0,1,0,1,0
14,14,0,0,50,224,0,1,14,0,1,0,1,0
579,579,0,0,56,1367,0,1,579,0,1,0,1,0
24,24,0,0,48,1127,0,1,24,0,0,0,1,0
39,25,0,0,41,206,0,1,25,0,0,0,1,0
90,90,0,0,62,242,0,1,90,0,0,0,1,0
35,35,0,0,29,207,0,1,35,0,1,0,1,0
176,176,0,0,64,241,0,1,176,0,1,0,1,0
18,14,0,0,889,1068,0,1,14,0,1,0,1,0
20,20,0,0,51,1250,0,1,20,0,1,1,1,0
14,14,0,0,439,616,0,1,14,0,0,1,1,0
1049,1049,0,0,16,11,0,1,1049,0,0,0,1,0
35,35,0,0,33,204,0,1,35,0,0,0,1,0
29,29,0,0,784,945,0,1,29,0,0,0,1,0
13,13,0,0,48,203,0,1,13,0,0,1,1,0
6,6,0,0,42,1241,0,1,6,0,0,1,1,0
4,4,0,0,46,224,0,1,4,0,0,0,1,0
13,9,0,0,4,184,0,1,9,0,1,0,1,0
17,17,0,0,45,225,0,1,17,0,0,0,1,0
55,55,0,0,913,1092,0,1,55,0,0,0,1,0
135,41,0,0,33,212,0,1,41,0,0,0,1,0
7,7,0,0,51,230,0,1,7,0,1,0,1,0
56,45,0,0,8,1023,0,1,50,0,0,0,1,0
19,11,0,0,8,188,0,1,11,0,1,0,1,0
3,3,0,0,1127,1304,0,1,3,0,0,1,1,0
39,39,0,0,972,1152,0,1,39,0,1,0,1,0
65,26,0,0,8,186,0,1,26,0,1,0,1,0
32,32,0,0,840,1019,0,1,32,0,1,0,1,0
71,71,0,0,28,1167,0,1,71,0,1,0,1,0
36,36,0,0,57,5575,0,1,36,0,1,1,1,0
22,22,0,0,762,941,0,1,22,0,1,0,1,0
6,6,0,0,22,1162,0,1,6,0,1,0,1,0
12,12,0,0,81,260,0,1,12,0,1,0,1,0
56,56,0,0,56,236,0,1,56,0,0,0,1,0
13,13,0,0,60,222,0,1,13,0,1,0,1,0
60,60,0,0,6,185,0,1,60,0,1,0,1,0
9,9,0,0,801,980,0,1,9,0,0,0,1,0
15,15,0,0,56,236,0,1,15,0,1,0,1,0
11,11,0,0,47,1064,0,1,11,0,1,0,1,0
40,16,0,0,58,236,0,1,16,0,0,0,1,0
34,34,0,0,42,218,0,1,34,0,1,0,1,0
4,3,0,0,822,1002,0,1,3,0,1,1,1,0
10,6,0,0,1434,1614,0,1,6,0,1,0,1,0
4,4,0,0,99,278,0,1,4,0,0,0,1,0
7,7,0,0,18,198,0,1,7,0,0,1,1,0
23,23,0,0,1438,1617,0,1,23,0,1,0,1,0
10,10,0,0,55,231,0,1,10,0,1,1,1,0
9,9,0,0,1,153,0,1,9,0,0,0,1,0
15,12,0,0,13,192,0,1,12,0,1,0,1,0
35,35,0,0,718,114,0,1,35,0,1,0,1,0
39,32,0,0,787,967,0,1,32,0,1,0,1,0
150,135,0,0,3,182,0,1,135,0,1,1,1,0
32,13,0,0,45,224,0,1,13,0,1,0,1,0
4,4,0,0,55,233,0,1,4,0,1,0,1,0
37,37,0,0,26,205,0,1,37,0,1,0,1,0
75,75,0,0,55,227,0,1,75,0,1,0,1,0
10,10,0,0,105,283,0,1,10,0,0,0,1,0
50,35,0,0,2799,2446,0,1,35,0,1,0,1,0
69,69,0,0,24,41,0,0,69,0,1,0,1,0
69,69,0,0,49,226,0,1,69,0,1,0,1,0
8,8,0,0,11,190,0,1,8,0,1,0,1,0
194,194,0,0,50,228,0,1,194,0,0,0,1,0
6,4,0,0,11,1090,0,1,4,0,0,0,1,0
55,55,0,0,46,226,0,1,55,0,0,0,1,0
120,120,0,0,10,190,0,1,120,0,1,0,1,0
7,7,0,0,41,1053,0,1,7,0,1,0,1,0
59,59,0,0,77,256,0,1,59,0,0,0,1,0
55,55,0,0,54,234,0,1,55,0,0,1,1,0
10,10,0,0,24,1103,0,1,10,0,0,0,1,0
13,13,0,0,8,188,0,1,13,0,1,0,1,0
1499,1499,0,0,31,2522,0,1,1499,0,1,0,1,0
9,9,0,0,36,4040,0,1,9,0,1,0,1,0
34,31,0,0,30,989,0,1,31,0,1,0,1,0
16,16,0,0,41,221,0,1,16,0,0,0,1,0
49,44,0,0,3,1022,0,1,48,0,1,0,1,0
9,9,0,0,43,1242,0,1,9,0,0,0,1,0
140,140,0,0,30,89,0,1,140,0,0,0,1,0
37,37,0,0,41,1180,0,1,37,0,1,0,1,0
40,1,0,0,30,1049,0,1,1,0,1,0,1,0
11,7,0,0,2567,2746,0,1,7,0,1,0,1,0
30,30,0,0,51,230,0,1,30,0,1,0,1,0
43,43,0,0,48,228,0,1,43,0,0,0,1,0
45,18,0,0,1060,1239,0,1,18,0,1,0,1,0
30,21,0,0,32,212,0,1,21,0,1,0,1,0
20,20,0,0,815,995,0,1,20,0,0,0,1,0
21,21,0,0,54,1044,0,1,21,0,0,0,1,0
24,14,0,0,61,240,0,1,14,0,0,0,1,0
4,4,0,0,15,194,0,1,4,0,1,0,1,0
60,60,0,0,43,1183,0,1,60,0,0,0,1,0
10,10,0,0,57,236,0,1,10,0,0,0,1,0
15,15,0,0,990,1170,0,1,15,0,0,0,1,0
38,38,0,0,10,190,0,1,38,0,1,0,1,0
9,5,0,0,38,217,0,1,5,0,0,1,1,0
30,30,0,0,1017,1195,0,1,30,0,0,0,1,0
2,2,0,0,1454,1631,0,1,2,0,0,0,1,0
14,14,0,0,1008,4,0,1,14,0,0,0,1,0
60,24,0,0,46,225,0,1,24,0,1,0,1,0
12,12,0,0,8,188,0,1,12,0,1,0,1,0
32,19,0,0,30,210,0,1,19,0,1,0,1,0
99,99,0,0,54,1194,0,1,99,0,1,1,1,0
4,4,0,0,54,233,0,1,4,0,1,0,1,0
35,35,0,0,54,234,0,1,35,0,0,1,1,0
30,30,0,0,803,983,0,1,30,0,1,0,1,0
35,35,0,0,32,154,0,1,35,0,0,1,1,0
9,6,0,0,13,192,0,1,6,0,1,0,1,0
6,6,0,0,12,191,0,1,6,0,1,0,1,0
3,3,0,0,52,229,0,1,3,0,1,0,1,0
25,25,0,0,57,1137,0,1,25,0,1,0,1,0
14,14,0,0,91,269,0,1,14,0,0,0,1,0
135,41,0,0,35,215,0,1,41,0,0,0,1,0
33,33,0,0,37,1117,0,1,33,0,0,0,1,0
34,31,0,0,23,202,0,1,31,0,1,1,1,0
65,33,0,0,4,183,0,1,33,0,1,0,1,0
32,32,0,0,62,44,0,1,32,0,0,0,1,0
55,55,0,0,53,195,0,1,55,0,0,1,1,0
3,3,0,0,1113,1292,0,1,3,0,0,1,1,0
23,17,0,0,16,196,0,1,17,0,1,0,1,0
36,36,0,0,42,221,0,1,36,0,1,0,1,0
30,21,0,0,10,190,0,1,21,0,1,0,1,0
25,25,0,0,6,1146,0,1,25,0,1,0,1,0
8,8,0,0,10,189,0,1,8,0,1,0,1,0
70,70,0,0,13,192,0,1,70,0,0,0,1,0
30,30,0,0,1,960,0,1,30,0,1,0,1,0
261,94,0,0,1,181,0,1,94,0,0,0,1,0
3,3,0,0,40,219,0,1,3,0,0,0,1,0
14,14,0,0,1069,1248,0,1,14,0,1,0,1,0
110,52,0,0,58,238,0,1,52,0,1,0,1,0
15,15,0,0,5,184,0,1,15,0,0,0,1,0
3,3,0,0,47,1246,0,1,3,0,0,1,1,0
105,105,0,0,22,202,0,1,105,0,0,0,1,0
118,118,0,0,8,188,0,1,118,0,0,0,1,0
75,75,0,0,54,230,0,1,75,0,1,0,1,0
149,149,0,0,11,191,0,1,149,0,1,0,1,0
20,20,0,0,32,211,0,1,20,0,0,0,1,0
30,12,0,0,21,198,0,1,12,0,1,0,1,0
2439,2439,0,0,58,1120,0,1,2439,0,1,0,1,0
18,15,0,0,16,181,0,0,15,0,0,0,1,0
10,10,0,0,27,206,0,1,10,0,1,0,1,0
5,5,0,0,53,1043,0,1,5,0,1,0,1,0
38,33,0,0,4,182,0,1,33,0,1,0,1,0
15,15,0,0,37,217,0,1,15,0,0,0,1,0
135,41,0,0,19,198,0,1,41,0,0,0,1,0
11,11,0,0,59,230,0,1,11,0,0,0,1,0
4,4,0,0,56,1191,0,1,4,0,0,0,1,0
75,75,0,0,59,49,0,1,75,0,0,0,1,0
69,69,0,0,57,218,0,1,69,0,1,0,1,0
4,4,0,0,34,212,0,1,4,0,0,0,1,0
100,40,0,0,40,34,0,1,40,0,0,0,1,0
8,2,0,0,22,199,0,1,2,0,0,0,1,0
885,669,0,0,878,75,0,1,669,0,1,0,1,0
52,52,0,0,53,233,0,1,52,0,0,0,1,0
3,3,0,0,49,1240,0,1,3,0,1,0,1,0
17,13,0,0,64,241,0,1,13,0,1,0,1,0
20,20,0,0,51,1131,0,1,20,0,1,0,1,0
19,19,0,0,1389,1568,0,1,19,0,0,0,1,0
75,75,0,0,49,1368,0,1,75,0,0,0,1,0
23,23,0,0,37,217,0,1,23,0,0,0,1,0
16,16,0,0,711,890,0,1,16,0,1,0,1,0
48,48,0,0,54,1012,0,1,48,0,1,0,1,0
35,35,0,0,56,236,0,1,35,0,0,0,1,0
2659,2659,0,0,55,208,0,1,2659,0,1,0,1,0
22,22,0,0,95,134,0,1,22,0,1,0,1,0
103,31,0,0,3899,3908,0,1,31,0,1,0,1,0
6,6,0,0,1092,1271,0,1,6,0,0,0,1,0
69,69,0,0,33,48,0,1,69,0,1,0,1,0
115,80,0,0,1059,1234,0,1,80,0,1,0,1,0
15,13,0,0,4,183,0,1,13,0,0,0,1,0
7,4,0,0,58,1137,0,1,4,0,1,0,1,0
23,23,0,0,40,219,0,1,23,0,1,0,1,0
30,30,0,0,57,1196,0,1,30,0,0,0,1,0
12,12,0,0,24,203,0,1,12,0,0,0,1,0
14,14,0,0,74,231,0,1,14,0,1,0,1,0
40,40,0,0,32,211,0,1,40,0,0,0,1,0
231,135,0,0,11,183,0,1,135,0,1,0,1,0
15,11,0,0,1101,1280,0,1,11,0,1,0,1,0
19,6,0,0,22,1161,0,1,6,0,0,1,1,0
20,20,0,0,14,1304,0,1,20,0,0,0,1,0
189,126,0,0,30,208,0,1,126,0,1,0,1,0
31,31,0,0,2477,2657,0,1,31,0,1,0,1,0
4,2,0,0,37,216,0,1,2,0,1,1,1,0
10,3,0,0,4,183,0,1,3,0,1,0,1,0
96,96,0,0,59,239,0,1,96,0,1,0,1,0
3,3,0,0,14,194,0,1,3,0,1,0,1,0
99,99,0,0,58,237,0,1,99,0,1,0,1,0
44,26,0,0,64,244,0,1,26,0,1,0,1,0
14,14,0,0,28,927,0,1,18,0,0,0,1,0
25,10,0,0,39,219,0,1,10,0,0,0,1,0
36,22,0,0,951,1131,0,1,22,0,0,0,1,0
95,95,0,0,25,1165,0,1,95,0,1,0,1,0
46,36,0,0,2,181,0,1,36,0,0,0,1,0
38,38,0,0,807,115,0,1,38,0,0,0,1,0
149,89,0,0,831,1011,0,1,89,0,0,1,1,0
150,120,0,0,63,243,0,1,120,0,1,0,1,0
75,75,0,0,55,234,0,1,75,0,0,0,1,0
3,3,0,0,1110,1289,0,1,3,0,0,1,1,0
39,39,0,0,12,188,0,1,39,0,1,0,1,0
33,16,0,0,49,4128,0,1,16,0,0,0,1,0
25,25,0,0,58,1257,0,1,25,0,1,0,1,0
45,45,0,0,3,180,0,0,45,0,1,0,1,0
35,35,0,0,38,217,0,1,35,0,1,0,1,0
11,11,0,0,24,201,0,1,11,0,1,0,1,0
42,42,0,0,29,2607,0,1,42,0,1,0,1,0
33,33,0,0,72,250,0,1,33,0,1,1,1,0
25,10,0,0,55,4075,0,1,10,0,1,0,1,0
130,130,0,0,25,204,0,1,130,0,1,0,1,0
65,65,0,0,55,235,0,1,65,0,1,0,1,0
30,24,0,0,55,235,0,1,24,0,1,0,1,0
50,20,0,0,29,208,0,1,20,0,0,0,1,0
3,1,0,0,66,246,0,1,1,0,1,0,1,0
69,69,0,0,16,107,0,1,69,0,1,0,1,0
389,389,0,0,62,177,0,1,389,0,0,0,1,0
50,50,0,0,53,1133,0,1,50,0,0,0,1,0
850,850,0,0,35,199,0,1,850,0,1,0,1,0
89,89,0,0,12,87,0,1,89,0,0,0,1,0
40,40,0,0,21,197,0,1,40,0,1,0,1,0
5,5,0,0,74,251,0,1,5,0,1,1,1,0
31,31,0,0,59,44,0,1,31,0,0,0,1,0
47,47,0,0,82,259,0,1,47,0,0,1,1,0
18,8,0,0,14,190,0,1,8,0,0,0,1,0
40,38,0,0,33,212,0,1,38,0,0,0,1,0
80,80,0,0,85,181,0,1,80,0,1,0,1,0
15,15,0,0,47,1127,0,1,15,0,0,0,1,0
46,36,0,0,35,214,0,1,36,0,0,0,1,0
38,23,0,0,26,206,0,1,23,0,0,0,1,0
36,30,0,0,40,999,0,1,30,0,1,0,1,0
35,35,0,0,47,224,0,1,35,0,1,0,1,0
35,35,0,0,1256,1436,0,1,35,0,0,0,1,0
7,7,0,0,19,199,0,1,7,0,0,0,1,0
40,40,0,0,25,204,0,1,40,0,1,0,1,0
7,7,0,0,25,1164,0,1,7,0,0,0,1,0
1095,949,1,0,1495,1667,0,1,949,0,1,0,1,0
15,15,0,0,57,1137,0,1,15,0,1,0,1,0
48,48,0,0,4057,4228,0,1,48,0,1,0,1,0
12,6,0,0,27,206,0,1,6,0,0,0,1,0
110,110,0,0,59,238,0,1,110,0,1,0,1,0
22,14,0,0,53,233,0,1,14,0,0,0,1,0
1,1,0,0,44,223,0,1,1,0,1,0,1,0
8,8,0,0,56,1136,0,1,8,0,1,0,1,0
6,6,0,0,41,221,0,1,6,0,1,0,1,0
270,81,0,0,16,196,0,1,81,0,0,0,1,0
55,55,0,0,51,139,0,1,55,0,1,0,1,0
120,120,0,0,53,224,0,1,120,0,1,0,1,0
135,41,0,0,55,235,0,1,41,0,0,0,1,0
25,25,0,0,985,1165,0,1,25,0,1,0,1,0
44,44,0,0,27,206,0,1,44,0,1,0,1,0
128,128,0,0,20,1009,0,1,154,0,0,1,1,0
62,62,0,0,6,185,0,1,62,0,0,0,1,0
115,90,0,0,943,1123,0,1,90,0,1,0,1,0
1,1,0,0,23,202,0,1,1,0,1,0,1,0
55,55,0,0,7,185,0,1,55,0,1,0,1,0
99,99,0,0,9,188,0,1,99,0,1,0,1,0
52,52,0,0,58,53,0,1,52,0,1,0,1,0
11,11,0,0,21,200,0,1,11,0,1,1,1,0
109,109,0,0,28,1120,0,1,109,0,1,0,1,0
77,67,0,0,888,1067,0,1,67,0,0,0,1,0
85,20,0,0,873,1053,0,0,20,0,1,0,1,0
4,3,0,0,59,238,0,1,3,0,0,0,1,0
35,35,0,0,55,234,0,1,35,0,1,0,1,0
1049,1049,0,0,131,193,0,1,1049,0,1,1,1,0
55,55,0,0,38,1117,0,1,55,0,1,0,1,0
223,223,0,0,53,233,0,1,223,0,1,0,1,0
41,31,0,0,41,220,0,1,31,0,1,0,1,0
30,30,0,0,27,206,0,1,30,0,1,0,1,0
839,649,1,0,28,208,0,1,649,0,0,0,1,0
70,70,0,0,59,238,0,1,70,0,0,0,1,0
25,10,0,0,57,233,0,0,10,0,0,0,1,0
90,90,0,0,37,1177,0,1,90,0,1,0,1,0
20,8,0,0,67,245,0,1,8,0,1,0,1,0
170,170,0,0,1024,1200,0,1,170,0,1,1,1,0
85,34,0,0,8,188,0,1,34,0,1,0,1,0
40,40,0,0,32,212,0,1,40,0,0,0,1,0
35,31,0,0,5,159,0,1,31,0,1,1,1,0
22,22,0,0,19,196,0,1,22,0,1,0,1,0
11,11,0,0,28,208,0,1,11,0,0,0,1,0
55,55,0,0,3,180,0,1,55,0,1,0,1,0
6,6,0,0,50,1189,0,1,6,0,0,0,1,0
5,5,0,0,25,204,0,1,5,0,0,1,1,0
268,268,0,0,56,236,0,1,268,0,1,0,1,0
8,8,0,0,61,46,0,1,8,3,0,0,1,0
32,26,0,0,38,217,0,1,26,0,1,0,1,0
8,8,0,0,893,1072,0,1,8,0,1,0,1,0
76,76,0,0,59,236,0,1,76,0,1,1,1,0
8,8,0,0,9,189,0,1,8,0,0,0,1,0
80,32,0,0,58,1195,0,1,32,0,0,0,1,0
12,12,0,0,52,229,0,0,12,0,1,0,1,0
4,4,0,0,42,203,0,1,4,0,1,0,1,0
38,30,0,0,6,186,0,1,30,0,0,0,1,0
31,31,0,0,36,215,0,1,31,0,1,0,1,0
45,30,0,0,56,1135,0,1,30,0,1,0,1,0
5,5,0,0,1131,1310,0,1,5,0,0,1,1,0
35,14,0,0,60,239,0,1,14,0,1,0,1,0
10,10,0,0,30,119,0,1,10,0,0,0,1,0
43,36,0,0,11,190,0,1,36,0,1,0,1,0
98,33,0,0,39,1175,0,1,33,0,1,0,1,0
18,18,0,0,24,1013,0,1,18,0,0,0,1,0
60,18,0,0,13,193,0,1,18,0,0,0,1,0
41,41,0,0,797,975,0,1,41,0,1,0,1,0
80,32,0,0,44,41,0,1,32,0,1,0,1,0
2790,2790,0,0,45,224,0,1,2790,0,0,0,1,0
130,130,0,0,21,196,0,1,130,0,0,0,1,0
637,510,1,0,43,218,0,1,510,0,1,0,1,0
47,35,0,0,800,980,0,1,35,0,0,0,1,0
77,31,0,0,2757,2936,0,1,31,0,1,0,1,0
9,9,0,0,49,228,0,1,9,0,0,0,1,0
6,6,0,0,39,218,0,1,6,0,0,0,1,0
17,17,0,0,53,232,0,1,17,0,0,1,1,0
36,36,0,0,43,222,0,1,36,0,1,0,1,0
67,24,0,0,41,1180,0,1,24,0,0,0,1,0
27,27,0,0,58,13,0,1,27,0,1,0,1,0
15,15,0,0,14,193,0,1,15,0,1,0,1,0
718,718,0,0,12,192,0,1,718,0,1,0,1,0
9,9,0,0,48,228,0,1,9,0,0,0,1,0
294,294,0,0,954,87,0,1,294,0,1,1,1,0
2,2,0,0,7,187,0,1,2,0,1,0,1,0
125,42,0,0,63,242,0,1,42,0,1,0,1,0
87,87,0,0,49,1218,0,1,87,0,0,0,1,0
6,6,0,0,45,225,0,1,6,0,1,0,1,0
5,5,0,0,58,1137,0,1,5,0,0,0,1,0
17,17,0,0,32,212,0,1,17,0,1,0,1,0
18,18,0,0,698,813,0,1,18,3,0,0,1,0
36,31,0,0,9,969,0,1,31,0,1,0,1,0
36,36,0,0,44,223,0,1,36,0,1,0,1,0
1169,1169,1,0,53,1114,1,1,1169,0,1,1,1,0
25,25,0,0,21,200,0,1,25,0,1,0,1,0
34,24,0,0,15,194,0,1,24,0,1,0,1,0
25,25,0,0,57,236,0,1,25,0,1,0,1,0
69,69,0,0,21,158,0,1,69,0,0,0,1,0
47,47,0,0,56,235,0,1,47,0,1,0,1,0
12,12,0,0,48,227,0,1,12,0,1,0,1,0
195,195,1,0,57,229,0,1,195,0,1,0,1,0
8,6,0,0,51,223,0,1,6,0,1,0,1,0
1059,1059,0,0,54,202,0,1,1059,0,1,0,1,0
6,6,0,0,59,124,0,1,6,0,1,0,1,0
67,67,0,0,966,136,0,1,67,0,0,1,1,0
69,69,0,0,10,190,0,1,69,0,1,0,1,0
156,20,0,0,24,1043,0,1,20,0,0,0,1,0
106,106,0,0,55,199,0,1,106,0,1,0,1,0
55,55,0,0,863,1043,0,1,55,0,0,0,1,0
59,33,0,0,54,233,0,1,33,0,1,0,1,0
2,2,0,0,49,228,0,1,2,0,1,0,1,0
14,14,0,0,55,953,0,1,14,0,0,1,1,0
22,14,0,0,24,203,0,1,14,0,1,1,1,0
37,37,0,0,88,264,0,1,37,0,1,0,1,0
18,18,0,0,62,241,0,1,18,0,0,0,1,0
22,22,0,0,804,983,0,1,22,0,1,0,1,0
75,75,0,0,30,204,0,1,75,0,1,0,1,0
35,35,0,0,6,184,0,1,35,0,0,0,1,0
28,28,0,0,12,29,0,1,28,0,0,0,1,0
72,36,0,0,793,973,0,1,36,0,0,0,1,0
30,30,0,0,57,237,0,1,30,0,1,0,1,0
9,6,0,0,37,993,0,1,6,0,1,0,1,0
6,6,0,0,34,214,0,1,6,0,0,0,1,0
74,44,0,0,43,222,0,1,44,0,1,0,1,0
289,289,0,0,12,180,0,1,289,0,1,0,1,0
15,12,0,0,21,201,0,1,12,0,1,0,1,0
24,24,0,0,53,1132,0,1,24,0,1,0,1,0
10,10,0,0,78,257,0,1,10,0,0,0,1,0
23,23,0,0,40,219,0,1,23,0,1,0,1,0
57,40,0,0,47,227,0,1,40,0,0,0,1,0
323,323,0,0,7,104,0,1,323,0,1,0,1,0
15,15,0,0,968,1147,0,1,15,0,1,0,1,0
10,10,0,0,58,237,0,1,10,0,1,0,1,0
277,209,0,0,57,1197,0,1,209,0,0,0,1,0
9,9,0,0,1090,1268,0,1,9,0,0,0,1,0
12,12,0,0,7,187,0,1,12,0,1,0,1,0
87,87,0,0,93,271,0,1,87,0,1,0,1,0
40,16,0,0,46,202,0,1,16,0,1,0,1,0
4,4,0,0,27,206,0,1,4,0,1,0,1,0
36,36,0,0,33,212,0,1,36,0,1,0,1,0
15,8,0,0,19,199,0,1,8,0,0,1,1,0
32,32,0,0,25,204,0,1,32,0,0,0,1,0
41,41,0,0,76,100,0,1,41,0,1,0,1,0
5,5,0,0,12,192,0,1,5,0,1,0,1,0
69,69,0,0,59,122,0,1,69,0,1,1,1,0
16,16,0,0,58,237,0,1,16,0,1,0,1,0
17,17,0,0,53,233,0,1,17,0,0,0,1,0
34,28,0,0,65,144,0,1,28,0,0,0,1,0
89,89,0,0,35,152,0,1,89,0,1,0,1,0
15,15,0,0,31,211,0,1,15,0,1,0,1,0
21,14,0,0,946,1126,0,1,14,0,0,1,1,0
48,48,0,0,94,264,0,1,48,0,0,0,1,0
4,4,0,0,51,231,0,1,4,0,1,0,1,0
74,38,0,0,14,193,0,1,38,0,0,0,1,0
315,315,0,0,56,215,0,1,315,0,1,0,1,0
45,45,0,0,56,236,0,1,45,0,0,0,1,0
5,5,0,0,50,4130,0,1,5,0,1,0,1,0
52,52,0,0,55,234,0,1,52,0,0,0,1,0
25,25,0,0,19,199,0,1,25,0,0,0,1,0
69,69,0,0,15,195,0,1,69,0,1,0,1,0
2,2,0,0,5,182,0,1,2,0,1,1,1,0
13,13,0,0,34,213,0,1,13,0,1,0,1,0
15,15,0,0,51,221,0,1,15,0,1,0,1,0
43,43,0,0,45,224,0,1,43,0,0,0,1,0
9,5,0,0,55,1195,0,1,5,0,0,1,1,0
31,31,0,0,37,217,0,1,31,0,1,0,1,0
80,32,0,0,53,232,0,1,32,0,0,0,1,0
75,23,0,0,80,260,0,1,23,0,0,0,1,0
54,54,0,0,2,1142,0,0,54,0,0,0,1,0
7,7,0,0,35,209,0,1,7,0,1,0,1,0
149,149,0,0,51,4098,0,1,149,0,1,0,1,0
98,98,0,0,971,1151,0,1,98,0,1,0,1,0
54,34,0,0,30,209,0,1,34,0,1,0,1,0
18,18,0,0,52,232,0,1,18,0,1,0,1,0
250,250,0,0,44,223,0,1,250,0,0,1,1,0
1649,1649,0,0,57,1417,0,1,1649,0,1,1,1,0
34,24,0,0,16,195,0,1,24,0,1,0,1,0
14,10,0,0,23,203,0,1,10,0,1,0,1,0
24,24,0,0,891,99,0,1,24,0,0,1,1,0
35,21,0,0,34,214,0,1,21,0,1,0,1,0
65,65,0,0,8,70,0,1,65,0,0,0,1,0
65,65,0,0,50,135,0,1,65,0,1,0,1,0
3,3,0,0,21,1040,0,1,3,0,0,0,1,0
21,17,0,0,28,207,0,1,17,0,0,0,1,0
3,3,0,0,6,1025,0,1,4,0,1,0,1,0
6,6,0,0,4,1144,0,1,6,0,0,0,1,0
16,16,0,0,37,1236,0,1,16,0,1,0,1,0
279,279,0,0,45,176,0,1,279,0,1,0,1,0
35,35,0,0,18,117,0,1,35,0,1,0,1,0
759,759,0,0,30,195,0,1,759,0,1,0,1,0
40,40,0,0,38,1136,0,1,40,0,0,0,1,0
3,3,0,0,1066,1245,0,1,3,0,0,0,1,0
20,20,0,0,30,210,0,1,20,0,0,0,1,0
6,6,0,0,1381,1559,0,1,6,0,0,0,1,0
4,4,0,0,39,1238,0,1,4,0,0,1,1,0
31,31,0,0,57,228,0,1,31,0,1,0,1,0
45,32,0,0,1095,1275,0,1,32,0,1,0,1,0
3,3,0,0,21,201,0,1,3,0,0,0,1,0
22,22,0,0,11,190,0,1,22,0,1,0,1,0
3,3,0,0,40,1173,0,1,3,0,1,1,1,0
55,55,0,0,8,188,0,1,55,0,0,0,1,0
40,40,0,0,60,172,0,1,40,0,1,0,1,0
99,50,0,0,1,1020,0,1,65,0,1,0,1,0
10,10,0,0,43,1123,0,1,10,0,1,0,1,0
89,89,0,0,48,228,0,1,89,0,0,0,1,0
9,6,0,0,44,1003,0,1,18,0,1,0,1,0
59,59,0,0,55,235,0,1,59,0,0,0,1,0
2,2,0,0,51,230,0,1,2,0,0,0,1,0
79,49,0,0,56,236,0,0,49,0,1,0,1,0
24,24,0,0,54,1250,0,1,24,0,0,0,1,0
22,22,0,0,54,233,0,1,22,0,0,0,1,0
75,75,0,0,84,165,0,1,75,0,1,0,1,0
41,31,0,0,48,227,0,1,31,0,1,0,1,0
1,1,0,0,123,302,0,0,1,0,1,0,1,0
15,12,0,0,6,186,0,1,12,0,0,0,1,0
253,253,0,0,54,214,0,1,253,0,1,0,1,0
6,6,0,0,21,199,0,1,6,0,0,0,1,0
7,7,0,0,1445,1622,0,1,7,0,0,0,1,0
39,7,0,0,44,1064,0,1,7,0,1,0,1,0
13,11,0,0,49,1128,0,1,11,0,1,0,1,0
25,25,0,0,75,106,0,1,25,0,1,0,1,0
9,7,0,0,47,227,0,1,7,0,1,0,1,0
35,35,0,0,7,1086,0,1,35,0,1,0,1,0
119,119,0,0,47,226,0,1,119,0,0,0,1,0
25,25,0,0,43,223,0,1,25,0,0,0,1,0
12,12,0,0,832,1011,0,1,12,0,0,0,1,0
41,41,0,0,744,924,0,1,41,0,1,0,1,0
34,34,0,0,55,234,0,1,34,0,0,0,1,0
12,12,0,0,49,225,0,1,12,0,1,0,1,0
5,5,0,0,44,96,0,1,5,0,0,0,1,0
15,15,0,0,25,1165,0,1,53,0,0,0,1,0
329,329,0,0,57,230,0,1,329,0,0,0,1,0
10,10,0,0,140,319,0,1,10,0,0,0,1,0
15,15,0,0,23,203,0,1,23,0,0,0,1,0
6,6,0,0,56,1254,0,1,6,0,0,1,1,0
5,5,0,0,8,1148,0,1,5,0,0,0,1,0
650,650,0,0,18,197,0,1,650,0,1,0,1,0
4,4,0,0,57,1136,0,1,4,0,1,0,1,0
327,327,0,0,27,201,0,1,327,0,0,0,1,0
9,9,0,0,56,232,0,1,9,0,0,0,1,0
13,13,0,0,49,229,0,1,13,0,0,0,1,0
2,2,0,0,57,1256,0,1,2,0,1,0,1,0
80,32,0,0,39,1178,0,1,32,0,0,0,1,0
26,21,0,0,29,1108,0,1,21,0,1,0,1,0
11,11,0,0,36,216,0,1,11,0,0,0,1,0
349,349,0,0,59,214,0,1,349,0,0,0,1,0
13,13,0,0,863,1043,0,1,13,0,1,0,1,0
25,25,0,0,34,213,0,1,25,0,1,0,1,0
43,31,0,0,34,213,0,1,31,0,0,0,1,0
12,7,0,0,52,232,0,1,7,0,0,0,1,0
277,209,0,0,1115,103,0,1,209,0,0,0,1,0
6,6,0,0,92,270,0,1,6,0,1,1,1,0
55,55,0,0,53,233,0,1,55,0,1,0,1,0
7,7,0,0,50,216,0,1,7,0,1,0,1,0
699,649,0,0,31,991,0,1,649,0,1,0,1,0
29,29,0,0,53,231,0,1,29,0,1,0,1,0
5,4,0,0,7,1026,0,1,4,0,1,0,1,0
12,12,0,0,27,205,0,1,12,0,1,0,1,0
55,55,0,0,22,1161,0,1,55,0,1,0,1,0
99,99,0,0,50,230,0,1,99,0,1,0,1,0
419,419,1,0,13,189,0,1,419,0,1,0,1,0
35,35,0,0,16,173,0,1,35,0,0,1,1,0
25,10,0,0,36,216,0,1,10,0,0,0,1,0
15,8,0,0,18,197,0,1,8,0,0,1,1,0
10,10,0,0,47,227,0,1,10,0,0,0,1,0
47,47,0,0,57,1254,0,1,47,0,0,0,1,0
142,78,0,0,15,194,0,1,78,0,1,0,1,0
729,729,0,0,40,207,0,1,729,0,1,0,1,0
12,12,0,0,4,183,0,1,12,0,0,0,1,0
135,41,0,0,25,205,0,1,41,0,0,0,1,0
23,15,0,0,36,215,0,1,15,0,1,1,1,0
9,9,0,0,25,205,0,1,9,0,1,0,1,0
21,21,0,0,8,183,0,1,21,0,0,0,1,0
55,55,0,0,53,2537,0,1,55,0,0,0,1,0
39,25,0,0,878,1058,0,1,25,0,0,0,1,0
21,21,0,0,57,235,0,1,21,0,0,0,1,0
69,69,0,0,43,188,0,1,69,0,0,0,1,0
79,79,0,0,15,1154,0,1,79,0,0,1,1,0
22,22,0,0,44,223,0,1,22,0,1,0,1,0
15,8,0,0,19,199,0,1,8,0,0,1,1,0
899,729,0,0,885,135,0,1,729,0,1,0,1,0
34,34,0,0,41,220,0,1,34,0,0,0,1,0
17,17,0,0,47,227,0,1,17,0,0,0,1,0
60,30,0,0,34,210,0,1,30,0,1,0,1,0
20,20,0,0,45,225,0,1,20,0,1,0,1,0
11,8,0,0,23,202,0,1,8,0,0,0,1,0
40,40,0,0,52,1185,0,1,40,0,0,0,1,0
1,1,0,0,81,260,0,1,1,0,1,0,1,0
3,3,0,0,21,201,0,1,3,0,1,0,1,0
16,16,0,0,101,175,0,1,16,0,0,0,1,0
17,17,0,0,39,219,0,1,17,0,0,0,1,0
9,9,0,0,26,1105,0,1,9,0,1,0,1,0
105,105,0,0,768,144,0,1,105,0,1,0,1,0
33,33,0,0,1441,925,0,1,33,0,1,0,1,0
8,8,0,0,6,10,0,1,8,0,0,0,1,0
14,11,0,0,1,960,0,1,14,0,1,0,1,0
72,72,0,0,61,240,0,1,72,0,0,0,1,0
234,234,0,0,2266,132,0,1,234,0,1,1,1,0
33,23,0,0,58,1347,0,1,23,0,1,0,1,0
1,1,0,0,50,229,0,1,1,0,1,0,1,0
10,10,0,0,54,233,0,1,10,0,0,0,1,0
50,50,0,0,58,236,0,1,50,0,1,0,1,0
32,32,0,0,7,187,0,0,32,0,1,0,1,0
5,4,0,0,48,1068,0,1,4,0,1,0,1,0
5,5,0,0,41,1061,0,1,5,0,0,0,1,0
69,69,0,0,84,145,0,1,69,0,1,0,1,0
33,33,0,0,28,207,0,1,33,0,0,0,1,0
10,10,0,0,59,238,0,1,10,0,1,0,1,0
36,34,0,0,13,972,0,1,34,0,1,1,1,0
12,12,0,0,84,263,0,1,12,0,1,0,1,0
20,8,0,0,37,217,0,1,8,0,1,1,1,0
36,36,0,0,53,1222,0,1,36,0,0,0,1,0
35,35,0,0,50,229,0,1,35,0,0,0,1,0
47,47,0,0,4,66,0,1,47,0,0,0,1,0
143,143,0,0,9,186,0,1,286,0,1,0,1,0
3099,3099,0,0,53,170,0,1,3099,0,1,0,1,0
3,3,0,0,1072,1251,0,1,3,0,0,0,1,0
10,10,0,0,45,1031,0,1,10,0,0,0,1,0
425,425,0,0,73,154,0,1,425,0,0,0,1,0
31,31,0,0,2,1201,0,1,31,0,1,0,1,0
75,75,0,0,59,1198,0,1,75,0,1,0,1,0
7,4,0,0,80,259,0,1,4,0,1,0,1,0
80,80,0,0,32,1112,0,1,80,0,1,0,1,0
299,209,1,0,8,188,0,1,209,0,1,0,1,0
2,2,0,0,3895,28,0,1,2,0,1,0,1,0
70,70,0,0,27,1011,0,1,70,0,1,0,1,0
32,32,0,0,58,174,0,1,32,0,1,0,1,0
19,19,0,0,881,1060,0,1,19,0,0,0,1,0
32,32,0,0,44,223,0,1,32,0,0,1,1,0
94,94,0,0,68,244,0,1,94,0,1,0,1,0
135,41,0,0,60,239,0,1,41,0,0,0,1,0
135,41,0,0,59,239,0,1,41,0,0,0,1,0
164,164,0,0,34,213,0,1,164,0,1,0,1,0
95,95,0,0,51,176,0,1,95,0,1,0,1,0
29,29,0,0,4,183,0,1,29,0,1,1,1,0
64,64,0,0,71,251,0,1,64,0,0,1,1,0
11,7,0,0,59,1348,0,1,7,0,1,0,1,0
5,5,0,0,1106,1285,0,1,5,0,0,1,1,0
18,18,0,0,52,1131,0,1,18,0,0,0,1,0
1,1,0,0,5,185,0,1,1,0,1,0,1,0
15,15,0,0,50,229,0,1,15,0,1,0,1,0
40,40,0,0,14,193,0,1,40,0,1,1,1,0
20,20,0,0,16,1096,0,1,20,0,1,0,1,0
599,599,0,0,59,1135,0,1,599,0,1,0,1,0
10,7,0,0,22,201,0,1,7,0,1,1,1,0
27,11,0,0,19,1158,0,1,11,3,1,0,1,0
12,12,0,0,1248,1427,0,1,12,0,1,0,1,0
6,6,0,0,36,216,0,1,6,0,1,1,1,0
11,11,0,0,32,212,0,1,11,0,0,0,1,0
15,15,0,0,25,166,0,1,15,0,0,0,1,0
8,8,0,0,55,234,0,1,8,0,1,1,1,0
82,82,0,0,7,186,0,1,82,0,1,0,1,0
6,6,0,0,47,226,0,1,6,0,1,0,1,0
27,27,0,0,104,236,0,1,27,0,1,0,1,0
25,10,0,0,62,242,0,1,10,0,0,0,1,0
150,100,0,0,26,204,0,1,100,0,1,0,1,0
66,50,0,0,27,204,0,1,50,0,0,0,1,0
277,209,0,0,725,904,0,1,209,0,1,0,1,0
32,32,0,0,56,1129,0,1,32,0,1,0,1,0
50,50,0,0,13,185,0,1,50,0,1,0,1,0
68,68,0,0,57,237,0,1,68,0,1,0,1,0
3,3,0,0,51,231,0,1,3,0,0,0,1,0
3,2,0,0,42,221,0,1,2,0,0,0,1,0
88,88,0,0,54,232,0,1,88,0,0,0,1,0
40,40,0,0,70,250,0,1,40,0,0,0,1,0
11,3,0,0,103,281,0,1,3,0,1,0,1,0
599,599,0,0,52,1126,0,1,599,0,1,0,1,0
399,399,0,0,59,233,0,1,399,0,1,0,1,0
15,15,0,0,45,225,0,1,15,0,0,0,1,0
15,15,0,0,40,220,0,1,15,0,0,0,1,0
9,9,0,0,51,231,0,1,9,0,1,0,1,0
19,19,0,0,57,1347,0,1,19,0,0,0,1,0
10,10,0,0,44,1123,0,1,10,0,0,0,1,0
17,8,0,0,55,1246,0,1,8,0,0,0,1,0
17,17,0,0,26,1045,0,1,17,0,1,0,1,0
15,15,0,0,47,224,0,1,15,0,0,0,1,0
15,15,0,0,43,221,0,1,15,0,1,0,1,0
18,18,0,0,54,233,0,1,18,0,0,0,1,0
88,88,0,0,51,231,0,1,88,0,1,0,1,0
3,3,0,0,55,1194,0,1,3,0,0,1,1,0
49,49,0,0,2929,3107,0,1,49,0,0,0,1,0
55,55,0,0,5,119,0,1,55,0,1,0,1,0
40,40,0,0,51,230,0,1,40,0,0,0,1,0
38,31,0,0,19,1097,0,1,31,0,1,0,1,0
160,160,0,0,56,235,0,1,160,0,0,1,1,0
98,98,0,0,72,252,0,1,98,0,0,1,1,0
579,579,0,0,54,220,0,1,579,0,1,0,1,0
55,22,0,0,48,227,0,1,22,0,1,1,1,0
46,46,0,0,18,197,0,1,46,0,0,0,1,0
45,45,0,0,15,194,0,1,45,0,0,0,1,0
10,8,0,0,18,197,0,1,8,0,1,0,1,0
7,7,0,0,41,220,0,0,7,0,0,0,1,0
95,95,0,0,51,231,0,1,95,0,1,0,1,0
559,559,0,0,14,194,0,1,559,0,1,0,1,0
49,49,0,0,19,199,0,1,49,0,0,0,1,0
22,22,0,0,42,222,0,1,22,0,1,0,1,0
40,40,0,0,47,135,0,1,40,0,1,0,1,0
12,9,0,0,47,227,0,0,9,0,0,0,1,0
11,11,0,0,14,194,0,1,11,0,1,0,1,0
19,19,0,0,3,182,0,1,19,0,0,0,1,0
157,94,0,0,49,1339,0,1,94,0,0,0,1,0
17,17,0,0,49,120,0,1,17,0,0,1,1,0
5,5,0,0,53,1232,0,1,5,0,1,0,1,0
14,14,0,0,50,1,0,1,14,0,0,0,1,0
25,25,0,0,43,223,0,1,25,0,1,0,1,0
50,50,0,0,38,1057,0,1,50,0,1,0,1,0
100,100,0,0,19,196,0,1,100,0,1,0,1,0
14,14,0,0,109,15,0,1,14,0,0,0,1,0
245,245,0,0,57,1196,0,1,245,0,1,1,1,0
1235,1235,0,0,41,88,0,1,1235,0,1,0,1,0
18,18,0,0,33,209,0,0,18,0,0,0,1,0
18,18,0,0,47,226,0,1,18,0,1,0,1,0
345,345,0,0,51,108,0,1,345,0,1,0,1,0
59,55,0,0,49,228,0,1,55,0,1,0,1,0
11,11,0,0,514,77,0,1,11,0,1,0,1,0
5,5,0,0,7,186,0,0,5,0,1,0,1,0
4,4,0,0,8,188,0,1,4,0,1,1,1,0
64,64,0,0,2052,155,0,1,64,0,1,0,1,0
34,34,0,0,17,1093,0,1,34,0,1,0,1,0
2,2,0,0,57,1197,0,1,2,0,1,0,1,0
159,159,0,0,48,1188,0,1,159,0,1,0,1,0
54,54,0,0,85,258,0,1,54,0,0,0,1,0
10,10,0,0,41,221,0,1,10,0,1,0,1,0
8,8,0,0,43,223,0,1,8,0,0,0,1,0
29,29,0,0,47,1155,0,1,29,0,1,0,1,0
25,16,0,0,12,1028,0,1,16,0,1,0,1,0
24,24,0,0,61,240,0,1,24,0,1,0,1,0
25,16,0,0,812,992,0,1,16,0,1,0,1,0
12,12,0,0,29,209,0,1,12,0,1,0,1,0
315,315,0,0,77,221,0,1,315,0,1,0,1,0
145,145,0,0,56,234,0,1,145,0,1,1,1,0
23,23,0,0,59,1091,0,1,23,0,1,0,1,0
32,32,0,0,2,1142,0,1,32,0,0,0,1,0
15,15,0,0,18,198,0,1,15,0,1,0,1,0
3,2,0,0,27,206,0,1,2,0,0,1,1,0
20,20,0,0,558,737,0,1,20,0,1,0,1,0
39,31,0,0,1,181,0,1,31,0,1,0,1,0
37,37,0,0,54,1134,0,1,37,0,1,1,1,0
69,69,0,0,30,133,0,1,69,0,1,0,1,0
1,1,0,0,2,181,0,1,1,0,1,0,1,0
10,10,0,0,36,216,0,1,10,0,0,0,1,0
7,7,0,0,52,231,0,1,7,0,1,0,1,0
9,9,0,0,37,1236,0,1,9,0,0,1,1,0
25,25,0,0,69,248,0,1,25,0,0,0,1,0
65,65,0,0,26,205,0,1,65,0,1,0,1,0
4,4,0,0,56,236,0,1,4,0,0,0,1,0
40,40,0,0,13,193,0,1,40,0,1,0,1,0
75,75,0,0,21,178,0,1,75,0,1,0,1,0
6,6,0,0,1002,1182,0,1,6,0,1,0,1,0
100,100,0,0,59,236,0,1,100,0,1,0,1,0
6,6,0,0,28,206,0,1,6,0,1,0,1,0
16,12,0,0,16,975,0,1,12,0,1,0,1,0
33,33,0,0,46,22,0,1,33,0,0,1,1,0
30,30,0,0,75,253,0,1,30,0,0,0,1,0
8,8,0,0,41,1180,0,1,8,0,1,0,1,0
36,36,0,0,28,207,0,1,36,0,1,0,1,0
413,413,0,0,746,183,0,1,413,0,1,0,1,0
4,4,0,0,5,183,0,1,4,0,1,0,1,0
50,50,0,0,16,196,0,1,50,0,1,0,1,0
24,24,0,0,54,227,0,1,24,0,1,1,1,0
559,559,0,0,56,133,0,1,559,0,0,1,1,0
30,30,0,0,48,212,0,1,30,0,0,0,1,0
14,14,0,0,50,229,0,1,14,0,0,0,1,0
6,3,0,0,31,211,0,1,3,0,0,0,1,0
5,5,0,0,28,208,0,1,5,0,1,0,1,0
7,7,0,0,54,233,0,0,7,3,1,0,1,0
9,9,0,0,35,215,0,1,9,0,1,0,1,0
70,70,0,0,30,210,0,1,70,0,1,0,1,0
28,28,0,0,41,220,0,1,70,0,1,0,1,0
22,22,0,0,57,237,0,1,22,0,0,0,1,0
48,48,0,0,784,963,0,0,48,0,0,0,1,0
22,22,0,0,5,185,0,1,22,3,1,0,1,0
4,4,0,0,41,941,0,1,4,0,1,0,1,0
21,21,0,0,54,233,0,0,21,0,1,0,1,0
4,4,0,0,9,189,0,1,4,0,1,0,1,0
31,31,0,0,17,190,0,1,31,0,0,0,1,0
32,32,0,0,51,213,0,1,32,0,0,0,1,0
8,8,0,0,96,276,0,1,8,0,1,0,1,0
30,30,0,0,45,224,0,1,30,0,0,0,1,0
45,32,0,0,39,217,0,1,32,0,1,0,1,0
70,70,0,0,735,914,0,1,70,0,0,0,1,0
6,6,0,0,871,1051,0,1,6,0,1,0,1,0
141,109,0,0,58,1198,0,1,109,0,0,0,1,0
59,59,0,0,1169,1344,0,1,59,0,1,0,1,0
15,15,0,0,50,1130,0,1,15,0,1,0,1,0
35,35,0,0,25,1165,0,1,35,0,1,0,1,0
9,9,0,0,46,226,0,1,9,0,1,0,1,0
60,18,0,0,39,219,0,1,18,0,0,0,1,0
17,17,0,0,42,222,0,1,17,0,1,0,1,0
9,9,0,0,33,213,0,1,9,0,1,1,1,0
38,38,0,0,46,225,0,1,38,0,1,1,1,0
26,26,0,0,1,179,0,1,26,0,0,0,1,0
49,49,0,0,55,223,0,1,49,0,1,0,1,0
4,1,0,0,30,209,0,0,1,0,1,0,1,0
29,29,0,0,47,226,0,1,29,0,1,0,1,0
22,22,0,0,956,1136,0,1,22,0,0,0,1,0
14,14,0,0,44,224,0,1,14,0,1,0,1,0
120,120,0,0,44,220,0,1,120,0,1,0,1,0
68,68,0,0,28,206,0,1,68,0,0,1,1,0
48,48,0,0,31,57,0,1,48,0,0,0,1,0
36,36,0,0,48,227,0,1,36,0,1,0,1,0
24,24,0,0,13,135,0,1,24,0,1,1,1,0
6,6,0,0,983,1162,0,1,6,0,1,0,1,0
15,15,0,0,954,1134,0,1,15,0,1,0,1,0
30,30,0,0,1,960,0,1,30,0,0,1,1,0
26,9,0,0,2339,2518,0,0,9,0,1,0,1,0
150,150,0,0,6,170,0,1,150,0,1,0,1,0
8,8,0,0,37,217,0,1,8,0,1,0,1,0
49,38,0,0,738,917,0,1,38,0,0,0,1,0
16,12,0,0,890,1070,0,1,12,0,1,0,1,0
6,6,0,0,49,228,0,1,6,0,1,0,1,0
149,149,0,0,59,238,0,1,149,0,1,1,1,0
219,219,0,0,1336,1515,0,1,219,0,1,0,1,0
51,51,0,0,44,223,0,1,51,0,0,0,1,0
30,30,0,0,3,183,0,1,30,0,0,0,1,0
240,240,1,0,24,194,0,1,240,0,1,0,1,0
69,45,0,0,47,225,0,1,45,0,0,0,1,0
69,69,0,0,53,233,0,1,69,0,1,0,1,0
20,20,0,0,41,221,0,1,20,0,0,0,1,0
16,11,0,0,31,211,0,1,11,0,0,0,1,0
70,70,0,0,24,1101,0,1,70,0,1,0,1,0
1059,1059,0,0,57,232,0,1,1059,0,0,0,1,0
30,12,0,0,984,1162,0,1,12,0,1,0,1,0
23,23,0,0,6,186,0,1,23,0,0,0,1,0
25,25,0,0,38,1118,0,1,25,0,1,0,1,0
58,58,0,0,16,1156,0,1,58,0,0,0,1,0
15,15,0,0,16,196,0,0,15,0,1,0,1,0
110,110,1,0,53,233,0,1,110,0,1,1,1,0
5,5,0,0,57,6,0,0,5,0,0,1,1,0
22,22,0,0,68,246,0,1,22,0,1,0,1,0
35,35,0,0,1,177,0,1,35,0,1,1,1,0
20,20,0,0,58,236,0,1,20,0,1,1,1,0
49,49,0,0,48,228,0,1,49,0,1,0,1,0
1,1,0,0,12,1092,0,1,1,0,1,0,1,0
31,31,0,0,9,187,0,1,31,0,1,0,1,0
7,4,0,0,46,224,0,1,4,0,1,0,1,0
24,24,0,0,38,217,0,1,24,0,1,0,1,0
40,40,0,0,37,217,0,1,40,0,1,0,1,0
9,9,0,0,109,287,0,1,9,0,1,0,1,0
6,6,0,0,37,217,0,1,6,0,1,0,1,0
33,33,0,0,769,949,0,1,33,0,1,0,1,0
36,36,0,0,51,231,0,1,36,0,0,0,1,0
6,6,0,0,10,190,0,1,6,0,1,0,1,0
16,16,0,0,46,226,0,1,16,0,1,0,1,0
69,30,0,0,99,218,0,1,30,0,1,1,1,0
69,40,0,0,22,202,0,1,40,0,0,0,1,0
4,4,0,0,2040,154,0,1,4,0,1,0,1,0
25,25,0,0,47,1036,0,1,25,0,1,1,1,0
39,39,0,0,45,1184,0,1,39,0,1,0,1,0
5,5,0,0,825,1004,0,1,5,0,0,0,1,0
47,38,0,0,34,213,0,1,38,0,0,0,1,0
26,26,0,0,53,1252,0,1,26,0,0,0,1,0
33,33,0,0,3,183,0,1,33,0,0,0,1,0
20,20,0,0,56,236,0,1,20,0,1,0,1,0
17,17,0,0,29,91,0,1,17,0,1,0,1,0
69,69,0,0,40,1094,0,1,69,0,1,0,1,0
29,29,0,0,35,1175,0,1,29,0,0,0,1,0
25,25,0,0,20,199,0,1,25,0,1,0,1,0
20,20,0,0,32,211,0,1,20,0,1,0,1,0
325,198,0,0,95,273,0,1,198,0,0,0,1,0
9,3,0,0,54,1133,0,1,3,0,1,0,1,0
15,15,0,0,46,226,0,0,15,0,1,0,1,0
46,32,0,0,661,840,0,1,32,0,0,1,1,0
29,29,0,0,23,198,0,1,29,0,1,1,1,0
365,365,0,0,17,157,0,1,365,0,1,0,1,0
5,5,0,0,39,939,0,1,5,0,1,0,1,0
25,25,0,0,56,236,0,1,25,0,1,1,1,0
69,69,0,0,57,221,0,1,69,0,1,0,1,0
50,50,0,0,35,215,0,1,50,0,1,0,1,0
35,35,0,0,34,211,0,1,35,0,1,0,1,0
89,89,0,0,53,1123,0,1,89,0,1,1,1,0
22,22,0,0,14,194,0,1,22,0,0,1,1,0
23,23,0,0,55,1344,0,1,23,0,1,0,1,0
89,89,0,0,62,114,0,1,89,0,1,0,1,0
15,12,0,0,36,215,0,1,12,0,0,0,1,0
27,27,0,0,52,19,0,1,27,0,0,0,1,0
15,15,0,0,39,218,0,1,15,0,1,0,1,0
30,12,0,0,57,236,0,1,12,0,0,0,1,0
42,42,0,0,49,227,0,1,42,0,0,0,1,0
27,27,0,0,50,230,0,1,27,0,0,0,1,0
7,7,0,0,44,222,0,1,7,0,1,0,1,0
10,2,0,0,41,220,0,1,2,0,1,0,1,0
16,16,0,0,104,282,0,0,16,0,1,0,1,0
89,89,0,0,25,203,0,1,89,0,0,0,1,0
80,80,0,0,14,189,0,1,80,0,1,0,1,0
329,329,0,0,13,109,0,1,329,0,1,0,1,0
6,6,0,0,46,225,0,1,6,0,1,0,1,0
10,10,0,0,26,205,0,1,10,0,0,0,1,0
50,44,0,0,20,1099,0,1,44,0,1,0,1,0
95,95,0,0,52,231,0,1,95,0,0,0,1,0
98,60,0,0,18,1034,0,1,160,0,1,0,1,0
7,7,0,0,1165,1345,0,1,7,0,1,0,1,0
100,100,0,0,41,12,0,1,100,0,1,0,1,0
13,4,0,0,884,1061,0,1,4,0,1,0,1,0
6,6,0,0,977,1157,0,1,6,0,1,0,1,0
447,447,0,0,52,221,0,1,447,0,1,1,1,0
8,8,0,0,40,65,0,1,8,0,1,0,1,0
42,42,0,0,1,178,0,1,42,0,1,0,1,0
35,35,0,0,47,227,0,1,35,0,1,0,1,0
15,15,0,0,56,1136,0,1,15,0,0,0,1,0
949,949,1,0,56,67,0,1,949,0,1,0,1,0
12,12,0,0,29,1049,0,1,12,0,0,0,1,0
25,25,0,0,2816,2995,0,1,25,0,1,0,1,0
4,4,0,0,11,190,0,1,4,0,1,0,1,0
15,15,0,0,15,195,0,0,15,0,1,0,1,0
69,69,0,0,58,229,0,1,69,0,0,0,1,0
33,33,0,0,18,1158,0,1,33,0,0,0,1,0
12,12,0,0,40,220,0,1,12,0,0,0,1,0
25,25,0,0,27,206,0,0,25,0,0,0,1,0
60,60,0,0,56,234,0,1,60,0,0,0,1,0
67,67,0,0,50,1129,0,1,67,0,0,0,1,0
19,19,0,0,46,222,0,1,19,0,0,0,1,0
26,26,0,0,23,83,0,1,26,0,0,0,1,0
6,6,0,0,31,211,0,1,6,0,1,0,1,0
50,20,0,0,16,195,0,1,20,0,1,0,1,0
20,20,0,0,49,1128,0,1,20,0,0,0,1,0
75,75,0,0,16,195,0,1,75,0,0,0,1,0
4,4,0,0,77,256,0,1,4,0,1,0,1,0
25,25,0,0,16,196,0,1,25,0,0,0,1,0
87,87,0,0,987,1166,0,1,87,0,0,0,1,0
10,10,0,0,3,182,0,0,10,0,0,0,1,0
14,14,0,0,32,155,0,1,14,0,0,0,1,0
21,21,0,0,6,185,0,1,21,0,1,0,1,0
5,5,0,0,31,210,0,0,5,0,1,0,1,0
9,9,0,0,40,1029,0,1,9,0,0,1,1,0
105,105,0,0,50,1130,0,1,105,0,1,0,1,0
35,35,0,0,24,1163,0,1,35,0,1,0,1,0
60,18,0,0,75,253,0,1,18,0,0,0,1,0
31,31,0,0,39,209,0,1,31,0,1,0,1,0
59,35,0,0,49,229,0,1,35,0,0,0,1,0
17,7,0,0,70,243,0,1,7,0,0,0,1,0
43,43,0,0,25,205,0,0,43,0,1,0,1,0
15,15,0,0,7,186,0,1,15,0,1,0,1,0
120,110,0,0,57,236,0,1,110,0,1,0,1,0
7,7,0,0,895,1074,0,1,7,0,1,0,1,0
1499,500,0,0,25,202,0,1,500,0,1,0,1,0
149,119,0,0,55,1014,0,1,119,0,0,0,1,0
105,105,0,0,52,227,0,1,105,0,1,1,1,0
27,15,0,0,14,193,0,1,15,0,1,0,1,0
9,9,0,0,114,100,0,1,9,0,1,0,1,0
82,82,0,0,52,231,0,1,82,0,1,0,1,0
20,20,0,0,27,207,0,1,20,0,0,0,1,0
24,24,0,0,30,210,0,1,24,0,0,0,1,0
62,62,0,0,21,200,0,0,62,0,0,1,1,0
20,20,0,0,54,234,0,1,20,0,1,0,1,0
97,97,0,0,68,247,0,1,97,0,1,0,1,0
25,25,0,0,18,198,0,1,25,0,0,0,1,0
24,24,0,0,54,1105,0,1,24,0,0,0,1,0
4,4,0,0,58,237,0,1,4,0,1,0,1,0
15,15,0,0,30,210,0,1,15,0,1,0,1,0
35,35,0,0,14,193,0,1,35,0,1,1,1,0
119,119,0,0,55,101,0,1,119,0,1,0,1,0
8,8,0,0,68,247,0,1,8,0,1,0,1,0
785,785,0,0,48,46,0,1,785,0,1,0,1,0
20,20,0,0,14,194,0,1,20,0,1,0,1,0
53,53,0,0,60,239,0,1,53,0,1,0,1,0
289,236,0,0,37,1051,0,1,236,0,1,0,1,0
20,12,0,0,33,213,0,1,12,0,1,0,1,0
379,339,0,0,36,195,0,1,339,0,1,0,1,0
4,4,0,0,55,235,0,1,4,0,1,0,1,0
138,138,0,0,13,118,0,1,138,0,0,0,1,0
7,7,0,0,17,1036,0,1,7,0,1,0,1,0
10,10,0,0,57,236,0,1,10,0,1,0,1,0
11,11,0,0,20,1099,0,1,11,0,1,0,1,0
29,29,0,0,57,195,0,1,29,0,1,1,1,0
20,20,0,0,41,221,0,1,20,0,1,0,1,0
20,20,0,0,689,175,0,1,20,0,1,1,0,0
20,20,0,0,34,1114,0,1,20,3,0,0,1,0
10,10,0,0,35,206,0,1,10,3,1,0,1,0
89,89,0,0,23,1103,0,1,89,0,0,0,1,0
46,38,0,0,28,207,0,1,38,0,1,0,1,0
80,80,0,0,22,201,0,1,80,0,0,0,1,0
69,20,0,0,47,227,0,1,20,3,0,0,1,0
6,6,0,0,39,218,0,1,6,3,1,0,1,0
131,131,0,0,29,209,0,1,131,0,0,0,1,0
35,35,0,0,59,1670,0,1,35,0,0,0,1,0
69,20,0,0,61,240,0,1,20,3,1,0,1,0
420,420,0,0,58,1026,0,1,420,0,0,0,1,0
99,99,0,0,36,211,0,1,99,0,0,0,1,0
23,23,0,0,25,199,0,1,23,5,0,0,1,0
450,450,0,0,81,260,0,1,450,0,0,0,1,0
8,8,0,0,1510,249,0,1,8,3,0,0,1,0
100,100,0,0,779,958,0,1,100,0,0,0,1,0
119,107,0,0,20,200,0,1,107,0,0,0,1,0
450,450,0,0,77,256,0,1,450,0,0,0,1,0
2429,2429,0,0,1106,38,0,1,2429,0,0,0,1,0
3,3,0,0,31,195,0,1,3,3,1,0,1,0
139,132,0,0,39,218,0,1,132,0,0,0,1,0
51,51,0,0,57,237,0,1,51,0,0,0,1,0
321,321,0,0,4,183,0,1,321,0,0,0,1,0
5,5,0,0,30,192,0,0,5,3,1,0,1,0
9,9,0,0,88,180,0,0,9,0,1,1,1,0
279,279,1,0,125,303,0,1,279,0,1,1,0,0
10,10,0,0,52,65,0,1,10,0,1,1,0,0
9,9,0,0,14,192,0,1,9,0,0,1,0,0
10,10,0,0,8,1011,0,1,10,0,0,1,0,0
39,39,0,0,112,291,0,0,39,0,1,1,1,0
273,273,0,0,55,1244,0,0,273,0,1,1,1,0
4,4,0,0,2918,3094,0,0,4,0,1,1,1,0
10,10,0,0,1097,57,0,0,10,0,1,1,1,0
13,13,0,0,63,240,0,0,13,0,1,1,1,0
60,60,0,0,1042,136,0,0,120,0,1,1,1,0
4,4,0,0,56,234,0,0,4,0,1,1,1,0
11,11,0,0,46,225,0,0,11,0,1,1,1,0
4,4,0,0,50,229,0,0,4,0,1,1,1,0
80,80,0,0,36,1175,0,0,95,0,1,1,1,0
4,4,0,0,2517,2694,0,0,4,0,1,1,1,0
2,2,0,0,50,1128,0,0,2,0,1,1,1,0
3,3,0,0,1615,1637,0,0,3,0,1,1,1,0
10,10,0,0,24,202,0,0,10,0,1,1,1,0
2,2,0,0,1374,1553,0,0,2,0,1,1,1,0
6,6,0,0,55,229,0,0,6,0,1,1,1,0
9,7,0,0,715,316,0,0,7,0,1,1,1,0
14,14,0,0,56,235,0,0,14,0,1,1,1,0
190,190,0,0,3,182,0,0,190,0,1,1,1,0
53,53,0,0,22,197,0,0,53,0,1,1,1,0
12,12,0,0,54,1133,0,0,12,0,1,1,1,0
215,215,0,0,31,209,0,0,215,0,1,1,1,0
1,1,0,0,27,206,0,0,1,0,1,1,1,0
204,123,0,0,59,237,0,0,123,0,1,1,1,0
1,1,0,0,52,231,0,0,1,0,1,1,1,0
75,75,0,0,58,1136,0,0,75,0,1,1,1,0
49,49,0,0,2837,3017,0,0,49,0,1,1,1,0
788,788,1,0,42,1119,1,0,788,0,1,1,1,0
2,2,0,0,2912,3089,0,0,2,0,1,1,1,0
60,60,0,0,58,77,0,0,60,0,1,1,1,0
7,7,0,0,17,196,0,0,7,0,1,1,1,0
15,15,0,0,12,190,0,0,15,0,1,1,1,0
18,18,0,0,59,211,0,0,18,0,1,1,1,0
5,5,0,0,56,168,0,0,5,0,1,1,1,0
266,160,0,0,59,235,0,0,160,0,1,1,1,0
82,49,0,0,30,1049,0,0,49,0,1,1,1,0
56,34,0,0,56,234,0,0,34,0,1,1,1,0
119,72,0,0,88,263,0,0,72,0,1,1,1,0
277,166,0,0,30,1048,0,0,166,0,1,1,1,0
146,87,0,0,46,225,0,0,87,0,1,1,1,0
69,41,0,0,50,227,0,0,41,0,1,1,1,0
50,30,0,0,57,236,0,0,30,0,1,1,1,0
266,160,0,0,56,236,0,0,160,0,1,1,1,0
128,77,0,0,59,111,0,0,77,0,1,1,1,0
50,30,0,0,58,232,0,0,30,0,1,1,1,0
266,160,0,0,59,237,0,0,160,0,1,1,1,0
21,21,0,0,692,170,0,0,21,0,1,1,1,0
7,7,0,0,69,213,0,0,7,0,1,1,1,0
345,345,0,0,24,174,0,0,345,0,1,1,1,0
750,600,0,0,57,177,0,0,600,0,1,1,1,0
27,27,0,0,47,3976,0,0,27,0,1,1,1,0
12,9,0,0,136,201,0,0,9,0,1,1,1,0
3,3,0,0,38,4279,0,0,3,0,1,1,1,0
483,483,0,0,39,217,0,0,483,0,1,1,1,0
49,49,0,0,38,176,0,0,49,0,1,1,1,0
154,154,0,0,31,203,0,0,154,0,1,1,1,0
60,60,0,0,58,237,0,0,60,0,1,1,1,0
179,119,0,0,955,1121,0,0,119,0,1,1,1,0
69,41,0,0,52,232,0,0,41,0,1,1,1,0
82,49,0,0,59,1067,0,0,49,0,1,1,1,0
60,42,0,0,59,1078,0,0,42,0,1,1,1,0
86,60,0,0,55,231,0,0,60,0,1,1,1,0
96,67,0,0,41,165,0,0,67,0,1,1,1,0
266,186,0,0,745,172,0,0,186,0,1,1,1,0
912,912,1,0,29,203,0,0,912,0,1,1,1,0
345,345,0,0,31,211,0,0,345,0,1,0,1,0
7,7,0,0,1238,1414,0,0,7,0,1,0,1,0
10,10,0,0,36,4276,0,0,10,0,1,1,1,0
788,788,1,0,3837,4014,0,0,788,0,1,1,1,0
4,4,0,0,54,232,0,0,4,0,1,1,1,0
36,36,0,0,58,238,0,0,36,0,1,0,1,0
33,33,0,0,51,225,0,0,33,0,1,1,1,0
215,215,0,0,38,110,0,0,215,0,1,1,1,0
5,5,0,0,158,218,0,0,5,0,1,1,1,0
35,35,0,0,53,195,0,0,35,0,1,1,1,0
39,39,0,0,111,291,0,1,39,0,1,1,1,0
273,273,0,0,55,1244,0,1,273,0,1,1,1,0
13,13,0,0,63,240,0,1,13,0,0,1,1,0
4,4,0,0,2918,3094,0,1,4,0,0,1,1,0
10,10,0,0,1097,57,0,1,10,0,0,1,1,0
60,60,0,0,1042,136,0,1,120,0,1,1,1,0
21,21,0,0,692,170,0,1,21,0,0,1,1,0
4,4,0,0,56,234,0,1,4,0,1,1,1,0
3,3,0,0,1615,1636,0,1,3,0,0,1,1,0
4,4,0,0,2517,2694,0,1,4,0,0,1,1,0
2,2,0,0,1374,1553,0,1,2,0,0,1,1,0
11,11,0,0,46,225,0,1,11,0,0,1,1,0
4,4,0,0,50,229,0,1,4,0,0,1,1,0
10,10,0,0,24,201,0,1,10,0,0,1,1,0
190,190,0,0,3,182,0,1,190,0,0,1,1,0
2,2,0,0,50,1128,0,1,2,0,1,1,1,0
345,345,0,0,24,174,0,1,345,0,0,1,1,0
6,6,0,0,55,229,0,1,6,0,1,1,1,0
14,14,0,0,56,235,0,1,14,0,1,1,1,0
9,7,0,0,715,316,0,1,7,0,0,1,1,0
204,123,0,0,58,237,0,1,123,0,0,1,1,0
12,12,0,0,54,1133,0,1,12,0,1,1,1,0
53,53,0,0,22,197,0,1,53,0,0,1,1,0
1,1,0,0,27,206,0,1,1,0,0,1,1,0
215,215,0,0,31,209,0,1,215,0,0,1,1,0
750,600,0,0,57,177,0,1,600,0,1,1,1,0
80,80,0,0,36,1175,0,1,95,0,1,1,1,0
1,1,0,0,52,231,0,1,1,0,0,1,1,0
3,3,0,0,38,4278,0,1,3,0,0,1,1,0
4,4,0,0,54,232,0,1,4,0,0,1,1,0
154,154,0,0,31,203,0,1,154,0,1,1,1,0
10,10,0,0,36,4275,0,1,10,0,0,1,1,0
27,27,0,0,47,3976,0,1,27,0,1,1,1,0
49,49,0,0,38,176,0,1,49,0,1,1,1,0
483,483,0,0,39,217,0,1,483,0,1,1,1,0
345,345,0,0,31,210,0,1,345,0,1,0,1,0
60,60,0,0,58,237,0,1,60,0,0,1,1,0
7,7,0,0,1238,1414,0,1,7,0,0,0,1,0
12,9,0,0,136,201,0,1,9,0,0,1,1,0
36,36,0,0,58,237,0,1,36,0,1,0,1,0
75,75,0,0,58,1136,0,1,75,0,1,1,1,0
49,49,0,0,2837,3017,0,1,49,0,1,1,1,0
2,2,0,0,2912,3089,0,1,2,0,1,1,1,0
60,60,0,0,58,77,0,1,60,0,1,1,1,0
15,15,0,0,12,190,0,1,15,0,1,1,1,0
7,7,0,0,16,196,0,1,7,0,1,1,1,0
7,7,0,0,69,213,0,0,7,0,1,1,1,0
5,5,0,0,56,168,0,1,5,0,1,1,1,0
18,18,0,0,59,211,0,1,18,0,1,1,1,0
33,33,0,0,51,224,0,1,33,0,0,1,1,0
5,5,0,0,158,218,0,1,5,0,1,1,1,0
35,35,0,0,53,195,0,1,35,0,0,1,1,0
215,215,0,0,38,110,0,1,215,0,1,1,1,0
14,8,0,0,57,234,0,0,8,0,1,1,1,0
3,3,0,0,51,230,0,1,3,0,0,1,0,0
16,16,0,0,36,96,0,0,16,0,1,0,1,0
90,63,0,0,42,189,0,0,63,0,1,1,1,0
67,47,0,0,765,211,0,0,47,0,1,0,1,0
50,35,0,0,84,262,0,0,35,0,1,0,1,0
61,42,0,0,59,239,0,0,42,0,1,1,1,0
11,8,0,0,30,210,0,1,8,0,1,0,1,0
38,38,0,0,39,187,0,0,38,0,1,0,1,0
6,6,0,0,735,173,0,0,6,0,1,0,1,0
361,253,0,0,44,36,0,0,253,0,1,1,1,0
609,597,0,0,47,1125,0,0,597,0,1,0,1,0
669,669,0,0,30,1076,0,0,669,0,1,0,1,0
4,4,0,0,633,806,0,0,4,0,1,0,1,0
278,195,0,0,49,1058,0,0,195,0,1,1,1,0
86,60,0,0,53,111,0,0,109,0,1,0,1,0
343,240,0,0,58,235,0,0,240,0,1,0,1,0
38,38,0,0,19,196,0,0,38,0,1,0,1,0
90,63,0,0,59,239,0,0,63,0,1,1,1,0
29,25,0,0,44,187,0,0,25,0,1,0,1,0
29,29,0,0,48,222,0,0,29,0,1,0,1,0
389,389,0,0,10,171,0,0,389,0,1,0,1,0
54,38,0,0,54,233,0,0,38,0,1,0,1,0
432,303,0,0,53,231,0,0,303,0,1,1,1,0
115,115,0,0,38,215,0,0,115,0,1,0,1,0
9,9,0,0,44,223,0,0,9,0,1,0,1,0
7,7,0,0,634,807,0,0,7,0,1,0,1,0
39,39,0,0,58,231,0,0,39,0,1,0,1,0
88,56,0,0,44,209,0,0,56,0,1,0,1,0
165,116,0,0,56,200,0,0,116,0,1,0,1,0
15,15,0,0,41,216,0,0,15,0,1,0,1,0
54,38,0,0,59,124,0,0,38,0,1,1,1,0
30,30,0,0,58,235,0,0,30,0,1,0,1,0
134,93,0,0,58,224,0,0,93,0,1,0,1,0
469,469,0,0,33,1110,0,0,469,0,1,0,1,0
139,89,0,0,48,223,0,0,89,0,1,0,1,0
61,42,0,0,59,49,0,0,42,0,1,0,1,0
469,469,0,0,17,186,0,0,469,0,1,0,1,0
361,253,0,0,59,105,0,0,253,0,1,0,1,0
41,41,0,0,44,197,0,0,41,0,1,0,1,0
83,58,0,0,52,200,0,0,58,0,1,0,1,0
170,119,0,0,787,204,0,0,119,0,1,0,1,0
7,7,0,0,59,230,0,0,7,0,1,0,1,0
69,48,0,0,55,234,0,0,48,0,1,0,1,0
93,65,0,0,58,237,0,0,65,0,1,0,1,0
139,97,0,0,29,1037,0,0,97,0,1,1,1,0
6,6,0,0,57,227,0,0,6,0,1,0,1,0
11,8,0,0,43,1063,0,1,8,0,0,0,1,0
579,519,1,0,41,198,0,0,519,0,1,0,1,0
56,56,0,0,29,208,0,0,56,0,1,0,1,0
266,160,0,0,59,234,0,1,160,0,1,1,1,0
146,87,0,0,46,225,0,1,87,0,0,1,1,0
69,41,0,0,50,227,0,1,41,0,1,1,1,0
56,34,0,0,56,234,0,1,34,0,1,1,1,0
119,72,0,0,88,263,0,1,72,0,1,1,1,0
277,166,0,0,30,1048,0,1,166,0,1,1,1,0
82,49,0,0,29,1049,0,1,49,0,0,1,1,0
266,160,0,0,56,236,0,0,160,0,1,1,1,0
69,41,0,0,52,232,0,1,41,0,0,1,1,0
128,77,0,0,59,111,0,1,77,0,1,1,1,0
50,30,0,0,56,236,0,1,30,0,1,1,1,0
343,240,0,0,58,235,0,1,240,0,0,0,1,0
669,669,0,0,30,1076,0,1,669,0,1,0,1,0
912,912,1,0,29,203,0,1,912,0,1,1,1,0
38,38,0,0,19,196,0,1,38,0,1,0,1,0
115,115,0,0,38,215,0,1,115,0,1,0,1,0
67,47,0,0,765,210,0,1,47,0,1,0,1,0
7,7,0,0,634,807,0,1,7,0,0,0,1,0
90,63,0,0,42,189,0,1,63,0,1,1,1,0
86,60,0,0,55,231,0,1,60,0,0,1,1,0
139,89,0,0,48,223,0,1,89,0,1,0,1,0
30,30,0,0,58,235,0,1,30,0,0,0,1,0
90,63,0,0,59,238,0,1,63,0,1,1,1,0
609,597,0,0,47,1124,0,1,597,0,1,0,1,0
54,38,0,0,54,233,0,1,38,0,0,0,1,0
134,93,0,0,58,224,0,1,93,0,1,0,1,0
6,6,0,0,734,173,0,1,6,0,1,0,1,0
295,295,0,0,58,62,0,1,295,0,1,0,1,0
61,42,0,0,59,238,0,1,42,0,0,1,1,0
15,15,0,0,40,216,0,1,15,0,1,0,1,0
432,303,0,0,53,230,0,1,303,0,0,1,1,0
469,469,0,0,33,1110,0,1,469,0,1,0,1,0
88,56,0,0,44,209,0,0,56,0,1,0,1,0
389,389,0,0,10,171,0,1,389,0,1,0,1,0
278,195,0,0,49,1057,0,1,195,0,1,1,1,0
361,253,0,0,44,36,0,1,253,0,1,1,1,0
29,25,0,0,44,187,0,1,25,0,1,0,1,0
41,41,0,0,44,197,0,1,41,0,0,0,1,0
38,38,0,0,38,187,0,1,38,0,1,0,1,0
82,49,0,0,58,1067,0,1,49,0,1,1,1,0
29,29,0,0,48,222,0,1,29,0,1,0,1,0
61,42,0,0,59,49,0,1,42,0,1,0,1,0
86,60,0,0,53,111,0,1,109,0,0,0,1,0
165,116,0,0,56,199,0,1,116,0,0,0,1,0
16,16,0,0,36,95,0,1,16,0,0,0,1,0
50,35,0,0,83,262,0,1,35,0,1,0,1,0
54,38,0,0,59,124,0,1,38,0,0,1,1,0
60,42,0,0,59,1078,0,1,42,0,0,1,1,0
9,9,0,0,44,223,0,1,9,0,1,0,1,0
4,4,0,0,632,806,0,1,4,0,0,0,1,0
39,39,0,0,58,231,0,1,39,0,1,0,1,0
788,788,1,0,3837,4014,0,1,788,0,1,1,1,0
788,788,1,0,42,1119,1,1,788,0,1,1,1,0
469,469,0,0,17,186,0,1,469,0,0,0,1,0
361,253,0,0,58,105,0,1,253,0,1,0,1,0
266,160,0,0,59,237,0,1,160,0,1,1,1,0
50,30,0,0,58,232,0,1,30,0,1,1,1,0
96,67,0,0,41,165,0,1,67,0,0,1,1,0
69,48,0,0,55,234,0,1,48,0,1,0,1,0
139,97,0,0,28,1037,0,1,97,0,1,1,1,0
7,7,0,0,59,230,0,1,7,0,0,0,1,0
93,65,0,0,57,237,0,1,65,0,1,0,1,0
6,6,0,0,57,227,0,0,6,0,1,0,1,0
56,56,0,0,29,208,0,1,56,0,1,0,1,0
83,58,0,0,51,200,0,1,58,0,0,0,1,0
170,119,0,0,787,204,0,1,119,0,0,0,1,0
266,186,0,0,745,172,0,1,186,0,1,1,1,0
579,519,1,0,41,198,0,1,519,0,1,0,1,0
30,24,0,0,57,1125,0,0,24,0,1,1,1,1
8,8,0,0,37,202,0,0,8,0,1,1,1,0
80,80,0,0,49,1117,0,0,80,0,1,1,1,0
545,545,1,0,59,238,1,0,545,0,1,1,1,0
25,25,0,0,59,237,0,1,25,0,1,1,1,0
49,49,0,0,5519,5699,0,1,49,0,1,1,1,0
3,3,0,0,25,1075,0,1,3,0,1,1,1,0
49,49,0,0,2996,3176,0,1,49,0,1,1,1,0
7,7,0,0,1076,1250,0,1,7,0,1,1,1,0
215,215,0,0,35,214,0,0,215,0,1,1,1,0
215,215,0,0,53,5452,0,1,215,0,1,1,1,0
161,136,0,0,37,117,0,1,136,0,1,1,0,0
5,5,0,0,2480,2658,0,1,5,0,1,1,1,0
38,38,0,0,83,261,0,0,38,0,1,1,1,0
49,49,0,0,57,1136,0,0,49,0,1,1,1,0
2,2,0,0,24,1096,0,0,2,0,1,1,1,0
107,107,0,0,44,2563,0,1,107,0,1,1,1,1
51,43,0,0,1,177,0,0,43,0,1,1,1,0
12,12,0,0,882,986,0,0,12,0,1,1,1,0
70,70,0,0,47,219,0,0,70,0,1,1,1,0
449,449,0,0,36,146,0,0,449,0,1,1,1,0
15,15,0,0,77,256,0,0,15,0,1,1,1,0
180,180,0,0,44,220,0,0,180,0,1,1,1,0
7,5,0,0,3552,3009,0,1,5,0,1,1,0,0
7,7,0,0,6,182,0,1,7,0,1,1,0,0
21,21,0,0,10,189,0,1,21,0,1,1,1,0
11,11,0,0,36,189,0,1,11,0,1,1,1,0
99,99,0,0,44,213,0,1,99,0,1,1,1,0
20,20,0,0,37,217,0,0,20,0,0,1,1,0
28,28,0,0,22,201,0,0,28,0,1,1,1,0
59,59,0,0,50,64,0,1,59,0,1,1,1,0
460,460,1,0,64,240,1,0,460,0,1,1,1,0
51,51,0,0,622,209,0,1,51,0,1,1,1,0
119,119,1,0,46,222,0,1,119,0,0,1,1,0
14,14,0,0,17,1307,0,1,14,0,1,1,1,0
6,6,0,0,1224,1404,0,1,9,0,1,1,1,0
55,33,0,0,59,238,0,0,33,0,1,1,1,0
75,68,0,0,7,151,0,1,68,0,1,1,1,0
299,299,0,0,53,230,0,1,299,0,1,1,1,0
39,39,0,0,49,228,0,1,39,0,1,1,1,0
20,20,0,0,57,237,0,0,20,0,1,1,1,0
5,5,0,0,1,13,0,1,5,0,1,1,1,0
23,19,0,0,11,971,0,1,19,0,1,1,1,0
7,7,0,0,200,373,0,0,7,0,1,1,1,0
4,3,0,0,1,175,0,0,3,0,1,1,1,0
13,13,0,0,53,232,0,1,13,0,0,1,1,0
2,2,0,0,41,220,0,1,2,0,0,1,1,0
3,3,0,0,27,1197,0,1,3,0,0,1,1,0
95,70,0,0,34,214,0,1,70,0,1,1,1,0
54,54,0,0,18,130,0,1,54,0,1,1,1,0
266,160,0,0,121,124,0,0,160,0,1,1,1,0
239,239,0,0,2,1141,0,1,239,0,1,1,1,0
15,15,0,0,42,222,0,1,15,0,1,1,1,0
16,16,0,0,10,188,0,1,16,0,1,1,1,0
135,89,0,0,14,191,0,1,89,0,0,1,1,0
35,14,0,0,53,1251,0,0,14,0,1,1,1,0
3,3,0,0,49,226,0,1,3,0,1,1,1,0
13,13,0,0,54,232,0,1,13,0,1,1,1,0
12,12,0,0,56,166,0,0,12,0,1,1,1,0
300,179,0,0,54,233,0,0,179,0,1,1,1,0
10,10,0,0,58,235,0,0,10,0,0,1,1,0
23,15,0,0,32,212,0,1,15,0,1,1,1,0
18,18,0,0,76,256,0,1,18,0,0,1,1,0
7,4,0,0,51,227,0,1,4,0,0,1,1,0
639,639,1,0,45,222,0,1,639,0,1,1,1,0
120,120,1,0,16,194,0,0,120,0,1,1,1,0
8,6,0,0,4,963,0,1,6,0,1,1,0,0
4,3,0,0,6,965,0,1,3,0,1,1,0,0
31,31,0,0,44,221,0,1,31,0,1,1,1,1
17,17,0,0,1099,1277,0,1,17,0,0,1,1,0
719,719,0,0,58,202,0,1,719,0,1,1,1,1
14,14,0,0,57,1347,0,1,14,0,1,1,1,0
11,7,0,0,5,965,0,1,7,0,1,1,0,0
15,10,0,0,16,1077,0,1,10,0,1,1,1,1
180,180,0,0,863,211,0,1,180,0,1,1,1,1
36,28,0,0,2820,2999,0,1,28,0,1,1,1,1
203,203,0,0,53,186,0,1,203,0,0,1,1,0
7,7,0,1,45,224,0,1,7,0,1,1,1,1
159,159,0,0,58,172,0,1,159,0,0,1,0,0
220,110,0,0,73,253,0,0,110,0,1,1,1,1
9,9,0,0,31,211,0,1,9,0,1,1,1,0
11,11,0,0,7,172,0,1,30,0,1,1,1,0
25,25,0,0,43,222,0,1,25,0,1,1,1,0
55,55,0,0,59,239,0,0,55,0,1,1,1,0
99,69,0,0,6,185,0,1,69,0,1,1,1,0
2,2,0,0,20,1099,0,0,2,0,1,1,1,0
150,150,0,0,20,200,0,0,150,0,1,1,1,0
20,20,0,0,780,194,0,1,20,0,0,1,1,0
6,4,0,0,24,984,0,0,4,0,1,1,1,0
4,3,0,0,32,992,0,0,3,0,1,1,1,0
10,8,0,0,57,2636,0,1,8,0,1,1,1,0
59,59,0,0,50,1197,0,1,59,0,1,1,1,1
20,13,0,0,822,1002,0,0,13,0,1,1,1,0
649,649,0,0,56,172,0,1,649,0,1,1,1,0
96,67,0,0,48,153,0,0,67,0,1,1,1,0
3,3,0,0,32,992,0,1,3,0,1,1,1,0
29,29,0,0,118,298,0,1,29,0,0,1,1,0
266,160,0,0,59,232,0,0,160,0,1,1,1,0
30,30,0,0,11,190,0,0,30,0,1,1,1,0
2,2,0,0,49,228,0,0,2,0,1,1,1,0
11,11,0,0,949,1128,0,0,11,0,1,1,1,0
9,9,0,0,55,1044,0,0,9,0,1,1,1,0
15,15,0,0,22,982,0,1,15,0,1,1,0,0
20,20,0,0,57,236,0,1,20,0,0,1,1,0
125,65,0,1,56,233,0,0,65,0,1,1,1,0
8,7,0,0,50,230,0,1,7,0,0,1,1,0
851,510,0,0,24,202,0,0,510,0,1,1,1,0
8,8,0,0,36,210,0,1,8,0,0,1,0,0
100,100,0,0,10,187,0,1,100,0,1,1,0,0
12,12,0,0,23,202,0,0,12,0,1,1,1,0
146,146,0,0,59,184,0,1,146,0,1,1,0,0
45,45,0,0,42,221,0,1,45,0,0,1,0,0
15,15,0,0,11,1342,0,1,15,0,0,1,0,0
3,2,0,0,42,222,0,1,2,0,1,1,0,0
5,5,0,0,5,184,0,0,5,0,1,1,1,0
14,7,0,0,50,145,0,1,7,0,0,1,0,0
19,13,0,0,36,215,0,0,13,0,1,1,1,0
59,59,0,0,11,188,0,1,59,0,1,1,0,0
32,26,0,0,27,207,0,1,26,0,0,1,0,0
11,11,0,0,59,238,0,1,11,0,0,1,0,0
4,4,0,0,44,223,0,0,4,0,1,1,1,0
3,3,0,0,3838,4018,0,0,3,0,1,1,1,0
9,9,0,0,42,219,0,0,9,0,1,1,1,0
6,6,0,0,52,228,0,0,6,0,1,1,1,0
6,6,0,0,43,221,0,0,6,0,1,1,1,0
2,2,0,0,37,214,0,0,2,0,1,1,1,0
1,1,0,0,42,220,0,0,1,0,1,1,1,0
560,395,0,0,59,238,0,1,395,0,1,1,0,0
8,8,0,0,37,201,0,1,8,0,1,1,1,0
80,80,0,0,49,1117,0,1,80,0,0,1,1,0
7,7,0,0,1075,1250,0,1,7,0,1,1,1,0
25,25,0,0,59,237,0,1,25,0,1,1,1,0
161,136,0,0,37,117,0,1,136,0,1,1,0,0
49,49,0,0,5519,5698,0,1,49,0,1,1,1,0
215,215,0,0,35,214,0,0,215,0,0,1,1,0
30,24,0,0,57,1125,0,0,24,0,1,1,1,1
3,3,0,0,25,1075,0,1,3,0,1,1,1,0
49,49,0,0,2996,3176,0,1,49,0,1,1,1,0
215,215,0,0,53,5452,0,1,215,0,0,1,1,0
5,5,0,0,2480,2658,0,1,5,0,0,1,1,0
4,4,0,0,44,223,0,0,4,0,0,1,1,0
38,38,0,0,83,261,0,1,38,0,1,1,1,0
49,49,0,0,57,1135,0,1,49,0,1,1,1,0
2,2,0,0,24,1096,0,0,2,0,1,1,1,0
3,3,0,0,3838,4018,0,0,3,0,1,1,1,0
107,107,0,0,44,2562,0,1,107,0,1,1,1,1
51,43,0,0,1,177,0,1,43,0,1,1,1,0
70,70,0,0,47,219,0,1,70,0,0,1,1,0
12,12,0,0,882,986,0,1,12,0,1,1,1,0
9,9,0,0,42,219,0,0,9,0,1,1,1,0
6,6,0,0,43,221,0,0,6,0,1,1,1,0
6,6,0,0,52,228,0,0,6,0,1,1,1,0
2,2,0,0,37,214,0,0,2,0,1,1,1,0
449,449,0,0,36,145,0,1,449,0,1,1,1,0
15,15,0,0,76,256,0,1,15,0,0,1,1,0
180,180,0,0,44,219,0,1,180,0,0,1,1,0
1,1,0,0,42,220,0,0,1,0,1,1,1,0
7,5,0,0,3552,3009,0,1,5,0,0,1,0,0
560,395,0,0,59,238,0,1,395,0,0,1,0,0
7,7,0,0,5,182,0,1,7,0,0,1,0,0
69,69,0,0,54,157,0,1,69,0,1,1,1,0
40,12,0,0,40,220,0,0,12,0,1,1,1,0
22,22,0,0,958,1138,0,0,22,0,0,1,1,0
10,10,0,0,1,68,0,1,10,0,1,1,1,0
12,12,0,0,103,283,0,0,12,0,1,0,1,0
5,5,0,0,27,146,0,1,5,0,1,1,1,0
12,12,0,0,25,205,0,0,12,0,1,0,1,0
4,4,0,0,25,180,0,1,4,0,1,0,1,0
99,99,0,0,13,193,0,0,99,0,0,0,1,0
379,379,0,0,12,191,0,1,379,0,1,0,1,0
55,55,0,0,17,197,0,0,55,0,1,0,1,0
45,45,0,0,37,217,0,1,45,0,1,0,1,0
134,134,0,0,76,255,0,0,134,0,1,0,1,0
7,7,0,0,43,223,0,0,7,0,0,0,1,0
549,549,0,0,59,238,0,0,549,0,1,0,1,0
29,27,0,0,17,182,0,1,27,0,0,0,1,0
99,99,0,0,12,191,0,0,99,0,1,0,1,0
120,120,0,0,18,198,0,0,120,0,1,0,1,0
39,39,0,0,48,1174,0,0,39,0,1,0,1,0
12,12,0,0,58,238,0,1,12,0,0,0,1,0
30,30,0,0,40,219,0,1,30,0,1,0,1,0
40,40,0,0,39,219,0,0,40,0,1,0,1,0
21,12,0,0,40,1060,0,1,12,0,1,0,1,0
52,52,0,0,28,207,0,0,52,0,1,0,1,0
9,9,0,0,9,188,0,1,9,0,0,0,1,0
50,50,0,0,38,1178,0,1,50,0,1,0,1,0
8,8,0,0,41,221,0,1,8,0,0,0,1,0
50,50,0,0,41,221,0,0,50,0,0,0,1,0
28,28,0,0,22,202,0,1,28,0,1,0,1,0
59,59,0,0,56,234,0,0,59,0,1,0,1,0
570,570,1,0,40,162,1,1,570,0,1,0,1,0
69,69,0,0,27,1106,0,1,69,0,1,0,1,0
9,9,0,0,34,214,0,0,9,0,0,0,1,0
6,6,0,0,45,224,0,1,6,0,1,0,1,0
20,20,0,0,28,1288,0,1,20,0,0,0,1,0
799,799,0,0,837,1017,0,0,799,0,0,0,1,0
40,40,0,0,20,200,0,0,40,0,1,0,1,0
112,112,0,0,8,187,0,1,112,0,1,0,1,0
22,22,0,0,56,1074,0,0,22,0,0,0,1,0
40,16,0,0,43,222,0,1,16,0,1,0,1,0
5,5,0,0,28,206,0,1,5,0,1,0,1,0
80,80,0,0,96,135,0,1,80,0,1,0,1,0
35,35,0,0,5,1084,0,0,35,0,0,0,1,0
33,33,0,0,21,201,0,1,33,0,1,0,1,0
50,50,0,0,50,230,0,1,50,0,0,0,1,0
129,129,0,0,46,226,0,1,129,0,1,0,1,0
349,349,0,0,60,232,0,0,349,0,1,0,1,0
20,20,0,0,12,192,0,0,20,0,0,0,1,0
1,1,0,0,51,1128,0,1,1,0,1,0,1,0
80,80,0,0,31,198,0,1,80,0,0,0,1,0
19,19,0,0,12,191,0,1,19,0,1,0,1,0
109,109,0,0,47,193,0,0,109,0,1,0,1,0
60,60,0,0,112,292,0,0,60,0,1,0,1,0
10,10,0,0,9,188,0,1,10,0,1,0,1,0
30,30,0,0,2887,3066,0,1,30,0,1,0,1,0
7,7,0,0,36,1234,0,1,7,0,0,0,1,0
349,349,0,0,1046,976,0,1,349,0,1,0,1,0
2490,2490,0,0,57,1307,0,0,2490,0,1,0,1,0
65,65,0,0,54,1193,0,1,65,0,1,1,1,0
26,26,0,0,724,887,0,1,26,0,1,1,1,0
14,14,0,0,59,238,0,0,14,0,1,1,1,0
12,12,0,0,20,200,0,1,12,0,0,1,1,0
49,49,0,0,22,202,0,0,49,0,1,1,1,0
35,35,0,0,59,238,0,1,35,0,0,1,1,0
63,38,0,0,2601,2780,0,0,38,0,1,0,1,0
15,15,0,0,55,1195,0,0,15,0,0,0,1,0
70,70,0,0,29,209,0,1,70,0,1,0,1,0
8,8,0,0,46,225,0,0,8,0,1,0,1,0
2,2,0,0,13,192,0,0,2,0,1,0,1,0
399,399,0,0,38,201,0,1,399,0,1,0,1,0
303,303,0,0,9,140,0,0,303,0,1,0,1,0
2,2,0,0,792,178,0,1,2,0,0,1,1,0
90,90,0,0,47,1186,0,1,90,0,1,0,1,0
6,6,0,0,11,190,0,1,6,0,1,0,1,0
1,1,0,0,17,184,0,0,1,0,0,0,1,0
339,339,0,0,24,200,0,0,339,0,1,0,1,0
105,105,0,0,3,182,0,1,105,0,1,0,1,0
29,29,0,0,51,1100,0,0,29,0,0,0,1,0
8,8,0,0,49,228,0,1,8,0,1,0,1,0
1499,1249,0,0,61,237,0,0,1249,0,0,0,1,0
4,4,0,0,16,192,0,1,4,0,1,0,1,0
1,1,0,0,39,219,0,0,1,0,1,0,1,0
4099,4099,0,0,18,195,0,0,4099,0,1,0,1,0
69,69,0,0,23,200,0,1,69,0,1,0,1,0
24,24,0,0,66,246,0,1,24,0,0,0,1,0
69,69,0,0,6,182,0,0,69,0,1,0,1,0
25,25,0,0,50,1130,0,0,25,0,1,0,1,0
15,15,0,0,15,194,0,0,15,0,1,0,1,0
129,52,0,0,30,1168,0,1,52,0,1,0,1,0
15,15,0,0,37,1170,0,1,15,0,1,0,1,0
12,12,0,0,35,1024,0,0,12,0,0,0,1,0
15,15,0,0,915,1094,0,0,15,0,1,0,1,0
15,15,0,0,956,1134,0,0,15,0,0,0,1,0
10,10,0,0,39,1119,0,1,10,0,1,0,1,0
29,29,0,0,84,263,0,1,29,0,0,0,1,0
11,11,0,0,662,841,0,1,11,0,1,0,1,0
6,6,0,0,3,182,0,0,6,0,1,0,1,0
3,1,0,0,59,1138,0,1,1,0,1,0,1,0
17,17,0,0,34,213,0,0,17,0,1,0,1,0
18,18,0,0,15,194,0,0,18,0,1,0,1,0
25,10,0,0,47,226,0,1,10,0,0,0,1,0
22,22,0,0,50,230,0,1,22,0,1,0,1,0
1158,1158,0,0,58,218,0,0,1158,0,1,0,1,0
35,35,0,0,1360,1539,0,0,35,0,0,0,1,0
25,25,0,0,24,204,0,0,25,0,1,0,1,0
59,59,0,0,128,308,0,0,59,0,0,0,1,0
55,55,0,0,129,308,0,0,55,0,0,0,1,0
22,22,0,0,27,156,0,1,22,0,1,0,1,0
10,10,0,0,15,195,0,1,10,0,1,0,1,0
21,18,0,0,30,209,0,1,18,0,1,0,1,0
9,9,0,0,59,238,0,0,9,0,1,1,1,0
17,10,0,0,131,41,0,0,10,0,1,1,1,0
75,35,0,0,41,220,0,0,35,0,1,1,1,0
19,16,0,0,42,221,0,0,16,0,1,1,1,0
3,3,0,0,2957,829,0,0,3,0,1,1,1,0
10,10,0,0,121,300,0,1,10,0,0,1,1,0
599,599,0,0,51,207,0,1,599,0,1,0,1,0
29,29,0,0,58,1135,0,0,29,0,1,0,1,0
1405,1405,0,0,65,244,0,0,1405,0,1,0,1,0
549,549,0,0,17,181,0,0,549,0,1,0,1,0
10,10,0,0,6,186,0,0,10,0,1,0,1,0
75,75,0,0,1017,1196,0,1,75,0,0,0,1,0
10,10,0,0,37,217,0,1,10,0,1,0,1,0
12,12,0,0,10,190,0,0,12,0,1,0,1,0
508,508,0,0,76,249,0,0,508,0,0,0,1,0
35,35,0,0,1113,1293,0,1,35,0,1,0,1,0
11,11,0,0,57,236,0,0,11,3,1,0,1,0
230,230,0,0,56,230,0,0,230,0,1,1,1,0
15,15,0,0,952,1132,0,0,15,0,1,1,1,0
545,545,1,0,59,238,1,1,545,0,0,1,1,0
45,35,0,0,1082,1260,0,1,35,0,0,0,1,0
3,3,0,0,56,1194,0,0,3,3,0,0,1,0
21,21,0,0,1019,1198,0,0,21,3,0,0,1,0
6,6,0,0,1471,1643,0,0,6,3,0,0,1,0
109,109,0,0,47,193,0,0,109,0,1,0,1,0
266,160,0,0,121,124,0,1,160,0,1,1,1,0
457,457,0,0,1290,236,0,1,457,0,0,0,1,0
266,160,0,0,59,232,0,1,160,0,1,1,1,0
96,67,0,0,48,153,0,1,67,0,0,1,1,0
549,549,0,0,16,181,0,0,549,0,0,0,1,0
851,510,0,0,23,202,0,1,510,0,1,1,0,0
5,5,0,0,6,184,0,0,5,0,1,1,1,0
12,12,0,0,17,196,0,0,12,0,1,1,1,0
10,10,0,0,53,1252,0,1,10,0,1,1,0,0
14,14,0,0,23,202,0,1,14,0,1,1,0,0
449,449,0,0,14,20,0,1,449,0,1,1,0,0
17,12,0,0,11,181,0,1,12,0,1,1,0,0
17,12,0,0,13,186,0,1,12,0,1,1,0,0
39,39,0,0,21,197,0,1,39,0,1,1,0,0
28,28,0,0,11,189,0,1,28,0,1,1,0,0
30,14,0,0,154,168,0,1,14,0,1,1,0,0
4,4,0,0,9,1087,0,1,4,0,1,1,0,0
6,6,0,0,5,185,0,1,6,0,1,1,0,0
86,60,0,0,41,216,0,1,60,0,1,1,0,0
45,45,0,0,22,190,0,0,45,0,1,1,1,0
5,5,0,0,6,184,0,1,5,0,1,1,0,0
12,12,0,0,17,196,0,1,12,0,0,1,1,0
449,449,0,0,14,20,0,1,449,0,0,1,0,0
10,10,0,0,53,1251,0,1,10,0,0,1,0,0
14,14,0,0,23,202,0,1,14,0,1,1,0,0
17,12,0,0,13,185,0,1,12,0,0,1,0,0
4,4,0,0,9,1086,0,1,4,0,1,1,0,0
86,60,0,0,41,215,0,1,60,0,0,1,0,0
17,12,0,0,11,181,0,1,12,0,0,1,0,0
39,39,0,0,21,197,0,1,39,0,0,1,0,0
30,14,0,0,154,168,0,1,14,0,0,1,0,0
28,28,0,0,11,189,0,1,28,0,0,1,0,0
6,6,0,0,5,185,0,1,6,0,1,1,0,0
45,45,0,0,21,190,0,1,45,0,0,1,1,0
199,169,0,0,11,70,0,1,169,7,1,0,1,0
49,31,0,0,22,75,0,1,31,7,0,0,1,0
8,8,0,0,9,69,0,1,8,7,1,0,1,0
49,30,0,0,19,79,0,1,30,7,0,0,1,0
22,22,0,0,5392,130,0,1,22,0,0,1,1,0
13,13,0,0,56,1135,0,1,13,0,0,1,1,0
12,7,0,0,40,98,0,1,7,0,1,1,1,0
5,5,0,0,814,994,0,1,5,0,0,1,1,0
72,22,0,0,19,198,0,1,22,0,0,1,0,0
4,4,0,0,26,206,0,1,4,0,0,1,1,0
130,117,0,0,2336,2515,0,1,117,0,0,1,1,0
33,33,0,0,80,256,0,1,33,0,0,1,0,0
25,25,0,0,15,1094,0,1,25,0,1,1,0,0
9,7,0,0,1,181,0,1,7,0,0,1,0,0
33,33,0,0,33,212,0,1,33,0,0,1,0,0
3,3,0,0,26,986,0,1,3,0,0,1,0,0
8,8,0,0,39,998,0,1,8,0,1,1,0,0
39,39,0,0,105,130,0,1,39,0,0,1,0,0
9,9,0,0,35,214,0,1,9,0,0,1,0,0
24,24,0,0,59,228,0,1,24,0,1,1,0,0
270,87,0,0,46,226,0,1,87,0,1,1,0,0
21,21,0,0,59,237,0,1,21,0,0,1,0,0
78,59,0,0,984,1163,0,1,59,0,1,1,0,0
40,40,0,0,14,974,0,1,40,0,1,1,1,0
110,110,0,0,53,232,0,1,110,0,1,1,0,0
90,90,0,0,34,994,0,1,90,0,0,1,0,0
1149,1149,0,0,59,140,0,1,1149,0,0,1,0,0
43,43,0,0,57,1103,0,1,43,0,1,1,0,0
17,17,0,0,51,230,0,0,17,0,1,1,1,0
10,10,0,0,17,197,0,1,10,0,0,1,0,0
60,60,0,0,46,1006,0,1,60,0,0,1,0,0
13,13,0,0,27,205,0,1,13,0,0,1,0,0
516,516,0,0,44,81,0,1,516,0,0,1,0,0
10,10,0,0,13,126,0,1,10,0,0,1,0,0
7,7,0,0,937,233,0,1,7,0,0,1,0,0
52,26,0,0,33,212,0,1,26,0,0,1,0,0
60,60,0,0,14,193,0,1,60,0,0,1,1,0
190,95,0,0,5,184,0,1,95,0,0,1,1,0
728,728,0,0,58,78,0,1,728,0,1,1,1,0
2,2,0,0,10,190,0,1,2,0,0,1,1,0
31,31,0,0,40,219,0,1,31,0,0,1,1,0
11,11,0,0,3466,2337,0,1,11,0,0,1,1,0
363,363,0,0,1138,1251,0,1,363,0,0,1,1,0
22,16,0,0,1483,1663,0,1,16,0,0,1,1,0
12,12,0,0,93,271,0,1,12,0,0,1,1,0
2659,2659,0,0,51,164,0,0,2659,0,1,0,1,0
20,6,0,0,40,219,0,1,6,0,0,1,1,0
7,4,0,0,124,303,0,1,4,0,1,1,1,0
95,95,0,0,28,208,0,1,95,0,0,1,1,0
19,10,0,0,43,222,0,1,10,0,0,1,1,0
169,169,0,0,56,235,0,1,169,0,0,1,1,0
40,40,0,0,14,193,0,1,40,0,0,0,1,0
33,33,0,0,12,80,0,1,33,0,0,1,1,0
10,10,0,0,21,150,0,1,10,0,0,1,1,0
64,64,0,0,56,2636,0,1,64,0,0,1,1,0
36,36,0,0,118,294,0,1,36,0,0,1,1,0
7,7,0,0,50,229,0,1,7,0,0,1,1,0
14,14,0,0,53,232,0,1,14,0,0,0,1,0
30,30,0,0,228,407,0,1,30,0,0,0,1,0
14,14,0,0,1287,1466,0,1,14,0,0,0,1,0
79,62,0,0,10,186,0,1,62,0,1,0,1,0
3369,3369,0,0,51,177,0,1,3369,0,1,1,1,0
55,55,0,0,55,234,0,1,55,0,1,0,1,0
33,33,0,0,92,269,0,1,33,0,0,1,1,0
80,80,0,0,100,173,0,1,80,0,1,0,1,0
44,44,0,0,209,388,0,1,44,0,1,0,1,0
2,2,0,0,90,265,0,1,2,0,0,0,1,0
69,69,0,0,58,237,0,1,69,0,0,0,1,0
37,37,0,0,41,221,0,1,37,0,0,1,1,0
42,31,0,0,18,196,0,1,31,0,1,0,1,0
25,25,0,0,5,185,0,1,25,0,0,0,1,0
186,186,0,0,28,1167,0,1,186,0,1,0,1,0
220,220,0,0,60,212,0,1,220,0,1,0,1,0
69,69,0,0,56,225,0,1,69,0,1,0,1,0
125,57,0,0,96,272,0,0,57,0,1,0,1,0
42,42,0,0,28,200,0,1,42,0,1,0,1,0
33,33,0,0,13,177,0,1,33,0,0,1,1,0
6,6,0,0,57,235,0,1,6,0,0,0,1,0
16,16,0,0,1078,1256,0,1,16,0,1,0,1,0
39,33,0,0,1127,1305,0,1,33,0,1,0,1,0
22,22,0,0,53,232,0,1,22,0,0,0,1,0
75,30,0,0,69,247,0,1,30,0,0,0,1,0
12,12,0,0,59,238,0,1,12,0,1,0,1,0
70,70,0,0,46,1312,0,1,70,0,1,0,1,0
34,34,0,0,9,186,0,1,34,0,1,1,1,0
49,49,0,0,18,78,0,1,49,7,1,0,1,0
7,7,0,0,31,209,0,1,7,0,1,0,1,0
50,50,0,0,110,288,0,1,50,0,0,0,1,0
85,85,0,0,43,223,0,1,85,0,0,0,1,0
20,8,0,0,70,249,0,1,8,0,0,0,1,0
33,33,0,0,8,187,0,1,33,0,1,0,1,0
46,28,0,0,58,238,0,1,28,0,1,0,1,0
92,37,0,0,75,251,0,1,37,0,0,0,1,0
27,16,0,0,2563,2742,0,1,16,0,0,0,1,0
34,34,0,0,20,74,0,1,34,0,0,1,1,0
5,5,0,0,30,208,0,1,5,0,1,0,1,0
8,8,0,0,45,188,0,1,8,0,1,0,1,0
9,9,0,0,43,223,0,1,9,0,0,0,1,0
168,168,0,0,2,181,0,1,168,0,1,0,1,0
312,238,0,0,202,142,0,1,238,0,0,0,1,0
2,1,0,0,102,281,0,1,1,0,1,1,1,0
30,30,0,0,66,245,0,1,30,0,0,1,1,0
8,8,0,0,52,1094,0,1,8,0,0,0,1,0
10,10,0,0,15,193,0,1,10,0,1,0,1,0
6,6,0,0,58,1197,0,1,6,0,1,0,1,0
31,31,0,0,34,993,0,1,31,0,1,1,1,0
31,31,0,0,30,209,0,1,31,0,0,0,1,0
14,7,0,0,83,262,0,1,7,0,1,0,1,0
10,10,0,0,40,219,0,1,10,0,1,0,1,0
15,15,0,0,54,1132,0,1,15,0,1,0,1,0
54,54,0,0,50,218,0,1,54,0,1,0,1,0
10,10,0,0,18,197,0,1,10,0,0,0,1,0
30,30,0,0,26,204,0,1,30,0,0,0,1,0
509,509,0,0,51,65,0,1,509,0,0,0,1,0
33,33,0,0,55,235,0,1,33,0,1,1,1,0
69,69,0,0,58,1192,0,1,69,0,1,0,1,0
13,13,0,0,20,197,0,1,13,0,0,0,1,0
6,6,0,0,2,21,0,1,6,0,0,1,1,0
110,110,0,0,40,218,0,1,110,0,1,0,1,0
47,47,0,0,56,209,0,1,47,0,0,1,1,0
32,32,0,0,49,226,0,1,32,0,0,0,1,0
164,148,0,0,669,839,0,1,148,0,0,1,1,0
40,33,0,0,795,974,0,1,33,0,0,1,1,0
28,28,0,0,949,1128,0,1,28,0,1,0,1,0
28,28,0,0,1,959,0,1,28,0,1,0,1,0
8,8,0,0,2,181,0,1,8,0,0,1,1,0
50,50,0,0,11,191,0,0,50,0,1,0,1,0
70,70,0,0,55,233,0,1,70,0,1,0,1,0
10,10,0,0,51,229,0,1,10,0,0,0,1,0
70,28,0,0,20,198,0,1,28,0,1,0,1,0
33,33,0,0,71,250,0,1,33,0,0,1,1,0
87,87,0,0,140,318,0,1,87,0,0,0,1,0
54,38,0,0,59,1197,0,1,38,0,1,0,1,0
33,33,0,0,32,88,0,1,33,0,0,1,1,0
6,6,0,0,34,207,0,1,6,0,0,0,1,0
31,31,0,0,2,182,0,1,31,0,1,0,1,0
50,50,0,0,24,204,0,1,50,0,0,0,1,0
11,11,0,0,50,1128,0,1,11,0,1,0,1,0
60,60,0,0,7,186,0,1,60,0,0,1,1,0
45,45,0,0,12,190,0,1,45,0,1,0,1,0
101,101,0,0,56,234,0,1,101,0,1,0,1,0
145,145,0,0,71,249,0,1,145,0,0,1,1,0
37,37,0,0,104,121,0,1,37,0,0,0,1,0
12,12,0,0,56,233,0,1,12,0,0,0,1,0
349,349,0,0,45,218,0,1,349,0,1,0,1,0
10,1,0,0,9,185,0,1,1,0,1,0,1,0
413,413,0,0,50,77,0,1,413,0,1,0,1,0
89,89,0,0,44,220,0,1,89,0,0,1,1,0
51,51,0,0,37,1115,0,1,51,0,0,0,1,0
99,99,0,0,106,237,0,1,99,0,1,0,1,0
59,59,0,0,57,234,0,0,59,0,0,0,1,0
2,2,0,0,51,230,0,1,2,0,1,0,1,0
7,7,0,0,16,195,0,1,7,0,0,0,1,0
4,4,0,0,30,209,0,1,4,0,0,1,0,0
3,3,0,0,55,234,0,1,3,0,0,1,0,0
9,9,0,0,56,190,0,1,9,0,0,1,0,0
15,15,0,0,32,206,0,1,15,0,1,1,0,0
13,13,0,0,59,238,0,1,13,0,1,1,1,0
90,90,0,0,59,233,0,1,90,0,0,0,1,0
15,15,0,0,98,276,0,0,15,0,1,1,1,0
86,60,0,0,64,220,0,0,60,0,1,1,1,0
5,5,0,0,16,193,0,0,5,0,1,1,1,0
635,635,0,0,4,150,0,0,635,0,1,1,1,0
10,8,0,0,28,14,0,0,8,0,1,1,1,0
8,8,0,0,19,196,0,0,8,0,1,1,1,0
11,11,0,0,58,158,0,0,11,0,1,1,1,0
40,40,0,0,836,84,0,0,40,0,1,1,1,0
999,999,0,0,33,143,0,0,999,0,1,1,1,0
34,34,0,0,87,83,0,0,34,0,1,1,1,0
56,56,0,0,31,1106,0,0,56,0,1,1,1,0
3,3,0,0,12,170,0,1,3,0,1,1,0,0
15,15,0,0,98,276,0,1,15,0,0,1,1,0
86,60,0,0,64,220,0,0,60,0,0,1,1,0
5,5,0,0,16,193,0,1,5,0,0,1,1,0
8,8,0,0,19,196,0,1,8,0,0,1,1,0
635,635,0,0,4,149,0,1,635,0,0,1,1,0
10,8,0,0,28,14,0,1,8,0,0,1,1,0
11,11,0,0,57,158,0,1,11,0,0,1,1,0
999,999,0,0,33,142,0,1,999,0,0,1,1,0
56,56,0,0,31,1106,0,1,56,0,0,1,1,0
34,34,0,0,87,83,0,1,34,0,0,1,1,0
40,40,0,0,836,84,0,1,40,0,0,1,1,0
3,3,0,0,12,170,0,1,3,0,0,1,0,0
8,8,0,0,30,209,0,0,8,0,1,1,1,0
11,11,0,0,53,1139,0,1,11,0,0,1,0,0
174,174,0,0,112,291,0,1,174,0,1,1,0,0
40,40,0,0,9,189,0,1,40,0,1,1,0,0
25,25,0,0,60,240,0,0,25,0,1,1,1,0
8,8,0,0,16,279,0,1,8,0,1,1,1,0
29,17,0,0,7,187,0,1,17,0,0,1,0,0
6,6,0,0,45,1184,0,0,6,0,1,0,1,0
67,67,0,0,48,215,0,1,67,0,1,0,1,0
12,12,0,0,41,1120,0,1,12,0,1,0,1,0
69,69,0,0,29,207,0,0,69,0,1,0,1,0
549,549,0,0,55,1309,0,1,549,0,1,0,1,0
10,10,0,0,72,250,0,1,10,0,0,0,1,0
21,21,0,0,53,230,0,0,34,0,1,0,1,0
12,12,0,0,675,209,0,0,12,0,1,0,1,0
11,11,0,0,26,205,0,0,11,0,1,1,1,0
8,3,0,0,55,1193,0,1,3,0,0,0,1,0
1,1,0,0,59,1018,0,0,1,0,1,1,1,0
2,1,0,0,48,1127,0,0,1,0,1,1,1,0
2,1,0,0,56,1135,0,0,1,0,1,1,1,0
29,29,0,0,33,197,0,0,29,0,1,1,1,0
5,5,0,0,61,241,0,0,5,0,1,1,1,0
61,42,0,0,41,192,0,0,42,0,1,1,1,0
26,26,0,0,58,1077,0,1,26,0,1,1,1,0
20,20,0,0,46,226,0,0,20,0,0,1,1,0
67,40,0,0,123,125,0,0,40,0,1,1,1,0
82,57,0,0,47,227,0,0,57,0,1,1,1,0
11,11,0,0,421,137,0,1,11,0,0,1,1,0
4,4,0,0,57,236,0,1,4,0,1,1,1,0
170,119,0,0,14,189,0,0,119,0,1,1,1,0
42,42,0,0,49,216,0,0,42,0,1,0,1,0
11,11,0,0,27,207,0,1,11,0,1,0,1,0
65,45,0,0,59,232,0,0,45,0,1,1,1,0
340,238,0,0,55,1074,0,0,238,0,1,1,1,0
25,25,0,0,57,1114,0,0,25,0,1,0,1,0
33,33,0,0,880,245,0,1,33,0,0,1,0,0
60,60,0,0,9,188,0,1,60,0,1,1,1,0
56,56,0,0,701,162,0,1,56,0,0,1,1,0
127,89,0,0,293,199,0,0,89,0,1,0,1,0
90,63,0,0,59,1079,0,0,63,0,1,0,1,0
7,5,0,0,55,235,0,0,5,0,0,0,1,0
12,12,0,0,674,208,0,1,12,0,0,0,1,0
67,40,0,0,123,125,0,1,40,0,1,1,1,0
61,42,0,0,41,192,0,1,42,0,1,1,1,0
82,57,0,0,47,227,0,0,57,0,1,1,1,0
42,42,0,0,49,216,0,1,42,0,1,0,1,0
170,119,0,0,14,189,0,1,119,0,1,1,1,0
340,238,0,0,55,1074,0,1,238,0,0,1,1,0
25,25,0,0,57,1115,0,1,25,0,1,0,1,0
65,45,0,0,59,232,0,1,45,0,1,1,1,0
90,63,0,0,59,1078,0,0,63,0,1,0,1,0
127,89,0,0,293,199,0,1,89,0,1,0,1,0
145,145,0,0,30,1049,0,0,145,0,1,1,1,0
145,145,0,0,30,1049,0,1,145,0,0,1,1,0
13,11,0,0,937,1084,0,1,11,0,1,1,1,0
40,40,0,0,49,227,0,1,40,0,0,1,0,0
135,41,0,0,42,220,0,1,41,0,1,1,0,0
35,35,0,0,60,239,0,0,35,0,1,1,1,0
35,35,0,0,60,239,0,0,35,0,0,1,1,0
